{"era": 3.12, "whip": 1.05, "k_rate": 0.34688995215311, "bb9": 3.8076923076923075, "era_home": 2.85, "era_away": 3.4, "hand": 0, "rest": 4}