{"era": 11.29, "whip": 2.35, "k_rate": 0.19387755102040816, "bb9": 3.9272727272727277, "era_home": 21.21, "era_away": 7.9, "hand": 0, "rest": 4}