{"era": 3.61, "whip": 1.34, "k_rate": 0.22357723577235772, "bb9": 4.395348837209302, "era_home": 4.44, "era_away": 2.9, "hand": 0, "rest": 4}