{"era": 3.86, "whip": 1.24, "k_rate": 0.26476578411405294, "bb9": 2.777142857142857, "era_home": 3.32, "era_away": 4.42, "hand": 0, "rest": 4}