{"era": 4.17, "whip": 1.3, "k_rate": 0.1977077363896848, "bb9": 3.036144578313253, "era_home": 4.65, "era_away": 3.72, "hand": 0, "rest": 4}