{"era": 2.74, "whip": 1.11, "k_rate": 0.23397435897435898, "bb9": 2.3788546255506606, "era_home": 2.93, "era_away": 2.6, "hand": 0, "rest": 4}