{"era": 8.04, "whip": 1.69, "k_rate": 0.15763546798029557, "bb9": 3.50381679389313, "era_home": 2.6, "era_away": 11.62, "hand": 0, "rest": 4}