{"era": 3.67, "whip": 1.31, "k_rate": 0.14915254237288136, "bb9": 2.7524271844660193, "era_home": 4.39, "era_away": 3.21, "hand": 0, "rest": 4}