{"era": 6.01, "whip": 1.35, "k_rate": 0.2400990099009901, "bb9": 2.671378091872792, "era_home": 5.26, "era_away": 6.97, "hand": 0, "rest": 4}