{"era": 3.43, "whip": 1.44, "k_rate": 0.25925925925925924, "bb9": 3.430939226519337, "era_home": 1.1, "era_away": 6.18, "hand": 0, "rest": 4}