{"era": 2.57, "whip": 1.04, "k_rate": 0.14035087719298245, "bb9": 0.32142857142857145, "era_home": 1.64, "era_away": 6.0, "hand": 0, "rest": 4}