{"era": 4.77, "whip": 1.37, "k_rate": 0.19345238095238096, "bb9": 3.0258620689655173, "era_home": 6.5, "era_away": 3.27, "hand": 0, "rest": 4}