{"era": 3.08, "whip": 1.15, "k_rate": 0.2214765100671141, "bb9": 4.191780821917808, "era_home": 2.25, "era_away": 3.89, "hand": 0, "rest": 4}