{"era": 4.16, "whip": 1.26, "k_rate": 0.2774869109947644, "bb9": 3.6541353383458643, "era_home": 3.61, "era_away": 5.17, "hand": 0, "rest": 4}