{"era": 6.97, "whip": 1.84, "k_rate": 0.21935483870967742, "bb9": 4.935483870967742, "era_home": 6.23, "era_away": 7.9, "hand": 0, "rest": 4}