{"era": 6.66, "whip": 1.52, "k_rate": 0.21296296296296297, "bb9": 4.438356164383562, "era_home": 7.71, "era_away": 4.5, "hand": 0, "rest": 4}