{"era": 4.42, "whip": 1.4, "k_rate": 0.25945017182130586, "bb9": 3.7628361858190704, "era_home": 3.84, "era_away": 4.87, "hand": 0, "rest": 4}