{"era": 4.56, "whip": 1.1, "k_rate": 0.23232323232323232, "bb9": 0.7605633802816901, "era_home": 3.48, "era_away": 5.4, "hand": 0, "rest": 4}