{"era": 4.84, "whip": 1.37, "k_rate": 0.188911704312115, "bb9": 1.9058823529411766, "era_home": 4.53, "era_away": 5.17, "hand": 0, "rest": 4}