{"era": 3.77, "whip": 1.15, "k_rate": 0.22816901408450704, "bb9": 2.0133843212237093, "era_home": 3.11, "era_away": 4.46, "hand": 0, "rest": 4}