{"era": 6.29, "whip": 1.75, "k_rate": 0.28313253012048195, "bb9": 2.6213592233009706, "era_home": 8.46, "era_away": 2.25, "hand": 0, "rest": 4}