{"era": 2.24, "whip": 0.99, "k_rate": 0.22900763358778625, "bb9": 2.333898305084746, "era_home": 2.42, "era_away": 2.07, "hand": 0, "rest": 4}