{"era": 2.76, "whip": 0.95, "k_rate": 0.24803149606299213, "bb9": 1.5153061224489797, "era_home": 1.57, "era_away": 4.06, "hand": 0, "rest": 4}