{"era": 4.7, "whip": 1.17, "k_rate": 0.13333333333333333, "bb9": 2.3478260869565215, "era_home": 4.7, "era_away": 4.7, "hand": 0, "rest": 4}