{"era": 5.29, "whip": 1.53, "k_rate": 0.15384615384615385, "bb9": 3.176470588235294, "era_home": 5.68, "era_away": 5.06, "hand": 0, "rest": 4}