{"era": 4.8, "whip": 1.29, "k_rate": 0.1853932584269663, "bb9": 2.5612648221343877, "era_home": 4.91, "era_away": 4.66, "hand": 0, "rest": 4}