{"era": 5.4, "whip": 1.44, "k_rate": 0.19923371647509577, "bb9": 4.011428571428572, "era_home": 3.98, "era_away": 7.09, "hand": 0, "rest": 4}