{"era": 3.53, "whip": 1.18, "k_rate": 0.2172043010752688, "bb9": 2.6439169139465877, "era_home": 3.54, "era_away": 3.51, "hand": 0, "rest": 4}