{"era": 4.25, "whip": 1.3, "k_rate": 0.2147477360931436, "bb9": 2.5280898876404496, "era_home": 3.08, "era_away": 5.46, "hand": 0, "rest": 4}