{"era": 6.57, "whip": 1.86, "k_rate": 0.12962962962962962, "bb9": 5.837837837837838, "era_home": 9.82, "era_away": 1.8, "hand": 0, "rest": 4}