{"era": 4.47, "whip": 1.31, "k_rate": 0.1958997722095672, "bb9": 2.4545454545454546, "era_home": 3.77, "era_away": 5.53, "hand": 0, "rest": 4}