{"era": 6.55, "whip": 1.64, "k_rate": 0.1553398058252427, "bb9": 4.909090909090909, "era_home": 4.5, "era_away": 7.71, "hand": 0, "rest": 4}