{"era": 4.38, "whip": 1.42, "k_rate": 0.2545454545454545, "bb9": 2.918918918918919, "era_home": 2.16, "era_away": 5.51, "hand": 0, "rest": 4}