{"era": 3.03, "whip": 1.24, "k_rate": 0.2537313432835821, "bb9": 4.331550802139037, "era_home": 3.13, "era_away": 2.93, "hand": 0, "rest": 4}