{"era": 8.91, "whip": 2.04, "k_rate": 0.15428571428571428, "bb9": 6.5533980582524265, "era_home": 10.69, "era_away": 7.36, "hand": 0, "rest": 4}