{"era": 3.32, "whip": 1.24, "k_rate": 0.20291777188328913, "bb9": 2.179816513761468, "era_home": 2.21, "era_away": 5.02, "hand": 0, "rest": 4}