{"era": 5.58, "whip": 1.7, "k_rate": 0.18739352640545145, "bb9": 4.395348837209302, "era_home": 5.8, "era_away": 5.37, "hand": 0, "rest": 4}