{"era": 5.79, "whip": 2.04, "k_rate": 0.06382978723404255, "bb9": 5.785714285714286, "era_home": 5.79, "era_away": 5.79, "hand": 0, "rest": 4}