{"era": 3.52, "whip": 1.16, "k_rate": 0.24528301886792453, "bb9": 2.4475920679886682, "era_home": 3.34, "era_away": 3.69, "hand": 0, "rest": 4}