{"era": 3.96, "whip": 1.29, "k_rate": 0.16007194244604317, "bb9": 3.417721518987342, "era_home": 5.08, "era_away": 2.97, "hand": 0, "rest": 4}