{"era": 1.47, "whip": 0.82, "k_rate": 0.2318840579710145, "bb9": 2.9454545454545458, "era_home": 2.38, "era_away": 0.0, "hand": 0, "rest": 4}