{"era": 13.85, "whip": 2.23, "k_rate": 0.17391304347826086, "bb9": 4.153846153846154, "era_home": 4.91, "era_away": 17.36, "hand": 0, "rest": 4}