{"era": 4.56, "whip": 1.38, "k_rate": 0.22639068564036222, "bb9": 3.6567717996289426, "era_home": 4.8, "era_away": 4.32, "hand": 0, "rest": 4}