{"era": 4.24, "whip": 1.32, "k_rate": 0.20422535211267606, "bb9": 2.3823529411764706, "era_home": 3.24, "era_away": 7.0, "hand": 0, "rest": 4}