{"era": 3.98, "whip": 1.0, "k_rate": 0.2693935119887165, "bb9": 2.1660447761194033, "era_home": 4.34, "era_away": 3.67, "hand": 0, "rest": 4}