{"era": 5.0, "whip": 1.56, "k_rate": 0.19658119658119658, "bb9": 2.6666666666666665, "era_home": 9.0, "era_away": 2.25, "hand": 0, "rest": 4}