{"era": 1.74, "whip": 1.26, "k_rate": 0.10588235294117647, "bb9": 3.0483870967741935, "era_home": 0.0, "era_away": 3.6, "hand": 0, "rest": 4}