{"era": 4.99, "whip": 1.58, "k_rate": 0.2276923076923077, "bb9": 4.115473441108545, "era_home": 5.68, "era_away": 4.53, "hand": 0, "rest": 4}