{"era": 3.86, "whip": 1.16, "k_rate": 0.24594992636229748, "bb9": 3.274353876739563, "era_home": 3.41, "era_away": 4.38, "hand": 0, "rest": 4}