{"era": 4.38, "whip": 1.35, "k_rate": 0.24535315985130113, "bb9": 2.481081081081081, "era_home": 3.77, "era_away": 4.91, "hand": 0, "rest": 4}