{"era": 5.54, "whip": 1.64, "k_rate": 0.14204545454545456, "bb9": 2.769230769230769, "era_home": 5.09, "era_away": 5.91, "hand": 0, "rest": 4}