{"era": 7.1, "whip": 1.78, "k_rate": 0.1774193548387097, "bb9": 5.427835051546391, "era_home": 5.82, "era_away": 8.51, "hand": 0, "rest": 4}