{"era": 2.54, "whip": 1.06, "k_rate": 0.27074235807860264, "bb9": 2.3823529411764706, "era_home": 1.4, "era_away": 3.48, "hand": 0, "rest": 4}