{"era": 5.87, "whip": 1.79, "k_rate": 0.1360544217687075, "bb9": 5.869565217391304, "era_home": 6.52, "era_away": 5.57, "hand": 0, "rest": 4}