{"era": 4.15, "whip": 1.15, "k_rate": 0.23809523809523808, "bb9": 2.855769230769231, "era_home": 2.66, "era_away": 6.28, "hand": 0, "rest": 4}