{"era": 15.26, "whip": 2.35, "k_rate": 0.0975609756097561, "bb9": 4.695652173913043, "era_home": 15.26, "era_away": 15.26, "hand": 0, "rest": 4}