{"era": 6.85, "whip": 1.45, "k_rate": 0.22377622377622378, "bb9": 3.917098445595855, "era_home": 6.15, "era_away": 7.63, "hand": 0, "rest": 4}