{"era": 3.38, "whip": 1.2, "k_rate": 0.31962616822429907, "bb9": 3.5859375, "era_home": 3.56, "era_away": 3.06, "hand": 0, "rest": 4}