{"era": 2.75, "whip": 1.02, "k_rate": 0.2765957446808511, "bb9": 3.4124168514412414, "era_home": 3.38, "era_away": 2.05, "hand": 0, "rest": 4}