{"era": 3.64, "whip": 1.33, "k_rate": 0.2122905027932961, "bb9": 4.928571428571429, "era_home": 3.93, "era_away": 3.42, "hand": 0, "rest": 4}