{"era": 4.34, "whip": 1.23, "k_rate": 0.2815934065934066, "bb9": 3.296511627906977, "era_home": 3.05, "era_away": 5.72, "hand": 0, "rest": 4}