{"era": 3.99, "whip": 1.14, "k_rate": 0.25886524822695034, "bb9": 3.3251231527093594, "era_home": 4.24, "era_away": 3.74, "hand": 0, "rest": 4}