{"era": 5.89, "whip": 1.65, "k_rate": 0.18840579710144928, "bb9": 4.263157894736842, "era_home": 6.39, "era_away": 5.21, "hand": 0, "rest": 4}