{"era": 6.23, "whip": 1.74, "k_rate": 0.13063063063063063, "bb9": 4.153846153846154, "era_home": 7.06, "era_away": 4.91, "hand": 0, "rest": 4}