{"era": 6.53, "whip": 1.58, "k_rate": 0.18469656992084432, "bb9": 4.57258064516129, "era_home": 6.75, "era_away": 6.33, "hand": 0, "rest": 4}