{"era": 3.58, "whip": 1.04, "k_rate": 0.15822784810126583, "bb9": 2.423076923076923, "era_home": 3.69, "era_away": 3.5, "hand": 0, "rest": 4}