{"era": 3.92, "whip": 1.22, "k_rate": 0.192090395480226, "bb9": 2.223529411764706, "era_home": 4.23, "era_away": 3.57, "hand": 0, "rest": 4}