{"era": 4.15, "whip": 1.4, "k_rate": 0.21372031662269128, "bb9": 4.153846153846153, "era_home": 3.35, "era_away": 4.95, "hand": 0, "rest": 4}