{"era": 3.35, "whip": 1.04, "k_rate": 0.22721268163804492, "bb9": 0.8968531468531469, "era_home": 2.7, "era_away": 3.98, "hand": 0, "rest": 4}