{"era": 3.06, "whip": 1.27, "k_rate": 0.24573863636363635, "bb9": 4.455268389662028, "era_home": 3.0, "era_away": 3.12, "hand": 0, "rest": 4}