{"era": 4.23, "whip": 1.34, "k_rate": 0.16984402079722705, "bb9": 3.962686567164179, "era_home": 5.09, "era_away": 3.67, "hand": 0, "rest": 4}