{"era": 4.72, "whip": 1.51, "k_rate": 0.15436241610738255, "bb9": 2.3592233009708736, "era_home": 4.56, "era_away": 5.06, "hand": 0, "rest": 4}