{"era": 4.89, "whip": 1.42, "k_rate": 0.15301724137931033, "bb9": 2.5714285714285716, "era_home": 4.71, "era_away": 5.1, "hand": 0, "rest": 4}