{"era": 2.65, "whip": 1.05, "k_rate": 0.26126126126126126, "bb9": 3.312883435582822, "era_home": 2.57, "era_away": 2.73, "hand": 0, "rest": 4}