{"era": 4.17, "whip": 1.35, "k_rate": 0.27205882352941174, "bb9": 3.607515657620042, "era_home": 4.37, "era_away": 4.01, "hand": 0, "rest": 4}