{"era": 4.04, "whip": 1.28, "k_rate": 0.22717622080679406, "bb9": 3.7185628742514973, "era_home": 3.1, "era_away": 5.19, "hand": 0, "rest": 4}