{"era": 4.29, "whip": 1.3, "k_rate": 0.20588235294117646, "bb9": 2.562913907284768, "era_home": 2.65, "era_away": 6.61, "hand": 0, "rest": 4}