{"era": 6.42, "whip": 1.72, "k_rate": 0.24778761061946902, "bb9": 7.5524475524475525, "era_home": 5.86, "era_away": 7.2, "hand": 0, "rest": 4}