{"era": 5.48, "whip": 1.42, "k_rate": 0.18041237113402062, "bb9": 3.6541353383458643, "era_home": 8.42, "era_away": 1.45, "hand": 0, "rest": 4}