{"era": 3.01, "whip": 1.07, "k_rate": 0.25773195876288657, "bb9": 4.144186046511628, "era_home": 4.58, "era_away": 1.49, "hand": 0, "rest": 4}