{"era": 5.68, "whip": 1.4, "k_rate": 0.16494845360824742, "bb9": 2.43609022556391, "era_home": 6.59, "era_away": 4.24, "hand": 0, "rest": 4}