{"era": 4.57, "whip": 1.29, "k_rate": 0.17559523809523808, "bb9": 3.12396694214876, "era_home": 6.08, "era_away": 3.3, "hand": 0, "rest": 4}