{"era": 4.64, "whip": 1.35, "k_rate": 0.21469740634005763, "bb9": 2.6037735849056602, "era_home": 4.15, "era_away": 5.23, "hand": 0, "rest": 4}