{"era": 3.99, "whip": 1.28, "k_rate": 0.22289156626506024, "bb9": 2.817391304347826, "era_home": 2.81, "era_away": 4.84, "hand": 0, "rest": 4}