{"era": 2.78, "whip": 1.15, "k_rate": 0.16613418530351437, "bb9": 2.781115879828326, "era_home": 3.32, "era_away": 2.27, "hand": 0, "rest": 4}