{"era": 3.86, "whip": 1.07, "k_rate": 0.25757575757575757, "bb9": 2.7551020408163267, "era_home": 1.93, "era_away": 6.43, "hand": 0, "rest": 4}