{"era": 4.85, "whip": 1.92, "k_rate": 0.14925373134328357, "bb9": 6.923076923076923, "era_home": 7.71, "era_away": 1.5, "hand": 0, "rest": 4}