{"era": 3.8, "whip": 1.11, "k_rate": 0.23850574712643677, "bb9": 2.21484375, "era_home": 3.63, "era_away": 4.01, "hand": 0, "rest": 4}