{"era": 13.5, "whip": 2.14, "k_rate": 0.21739130434782608, "bb9": 3.8571428571428568, "era_home": 13.5, "era_away": 13.5, "hand": 0, "rest": 4}