{"era": 3.35, "whip": 1.24, "k_rate": 0.17714285714285713, "bb9": 3.1860000000000004, "era_home": 3.53, "era_away": 3.06, "hand": 0, "rest": 4}