{"era": 6.52, "whip": 1.63, "k_rate": 0.20353982300884957, "bb9": 3.080536912751678, "era_home": 7.99, "era_away": 5.19, "hand": 0, "rest": 4}