{"era": 4.6, "whip": 1.16, "k_rate": 0.24273858921161826, "bb9": 1.840909090909091, "era_home": 2.79, "era_away": 7.07, "hand": 0, "rest": 4}