{"era": 3.94, "whip": 1.25, "k_rate": 0.168141592920354, "bb9": 2.071782178217822, "era_home": 3.47, "era_away": 4.64, "hand": 0, "rest": 4}