{"era": 4.3, "whip": 1.43, "k_rate": 0.16831683168316833, "bb9": 3.130434782608696, "era_home": 5.4, "era_away": 3.86, "hand": 0, "rest": 4}