{"era": 3.23, "whip": 0.89, "k_rate": 0.273972602739726, "bb9": 1.5958466453674123, "era_home": 2.49, "era_away": 3.94, "hand": 0, "rest": 4}