{"era": 4.75, "whip": 1.34, "k_rate": 0.14661654135338345, "bb9": 2.818681318681319, "era_home": 3.61, "era_away": 7.36, "hand": 0, "rest": 4}