{"era": 2.89, "whip": 1.31, "k_rate": 0.1641025641025641, "bb9": 3.278571428571429, "era_home": 3.22, "era_away": 2.59, "hand": 0, "rest": 4}