{"era": 2.88, "whip": 1.03, "k_rate": 0.33380281690140845, "bb9": 2.6292134831460676, "era_home": 1.93, "era_away": 3.73, "hand": 0, "rest": 4}