{"era": 5.09, "whip": 1.35, "k_rate": 0.24858757062146894, "bb9": 3.319672131147541, "era_home": 5.4, "era_away": 4.6, "hand": 0, "rest": 4}