{"era": 2.57, "whip": 1.0, "k_rate": 0.19519094766619519, "bb9": 1.712686567164179, "era_home": 2.26, "era_away": 2.87, "hand": 0, "rest": 4}