{"era": 5.42, "whip": 1.51, "k_rate": 0.21414141414141413, "bb9": 4.677811550151976, "era_home": 4.87, "era_away": 6.02, "hand": 0, "rest": 4}