{"era": 9.36, "whip": 1.84, "k_rate": 0.09818181818181818, "bb9": 3.5284090909090913, "era_home": 12.27, "era_away": 6.44, "hand": 0, "rest": 4}