{"era": 2.47, "whip": 1.24, "k_rate": 0.23773584905660378, "bb9": 3.338709677419355, "era_home": 2.91, "era_away": 1.93, "hand": 0, "rest": 4}