{"era": 16.78, "whip": 2.92, "k_rate": 0.136986301369863, "bb9": 5.108108108108108, "era_home": 19.44, "era_away": 11.25, "hand": 0, "rest": 4}