{"era": 4.14, "whip": 1.21, "k_rate": 0.19816272965879264, "bb9": 2.339350180505415, "era_home": 3.8, "era_away": 4.43, "hand": 0, "rest": 4}