{"era": 3.99, "whip": 1.17, "k_rate": 0.2919254658385093, "bb9": 3.28695652173913, "era_home": 3.43, "era_away": 4.67, "hand": 0, "rest": 4}