{"era": 1.2, "whip": 0.97, "k_rate": 0.1867704280155642, "bb9": 1.603960396039604, "era_home": 1.32, "era_away": 1.08, "hand": 0, "rest": 4}