{"era": 4.28, "whip": 1.27, "k_rate": 0.1643835616438356, "bb9": 4.283653846153847, "era_home": 5.68, "era_away": 2.59, "hand": 0, "rest": 4}