{"era": 3.6, "whip": 1.15, "k_rate": 0.1946564885496183, "bb9": 2.5268630849220104, "era_home": 3.18, "era_away": 4.0, "hand": 0, "rest": 4}