{"era": 3.95, "whip": 1.26, "k_rate": 0.20695652173913043, "bb9": 3.4243902439024394, "era_home": 3.93, "era_away": 3.98, "hand": 0, "rest": 4}