{"era": 2.83, "whip": 1.04, "k_rate": 0.2503725782414307, "bb9": 2.347826086956522, "era_home": 2.23, "era_away": 3.33, "hand": 0, "rest": 4}