{"era": 5.19, "whip": 1.4, "k_rate": 0.17591339648173207, "bb9": 3.4601941747572815, "era_home": 4.45, "era_away": 6.06, "hand": 0, "rest": 4}