{"era": 4.46, "whip": 1.43, "k_rate": 0.20417287630402384, "bb9": 3.6391304347826083, "era_home": 3.59, "era_away": 5.62, "hand": 0, "rest": 4}