{"era": 3.91, "whip": 1.46, "k_rate": 0.20487106017191978, "bb9": 4.528301886792453, "era_home": 5.49, "era_away": 2.97, "hand": 0, "rest": 4}