{"era": 3.86, "whip": 1.09, "k_rate": 0.36828309305373524, "bb9": 2.7964285714285717, "era_home": 4.35, "era_away": 3.36, "hand": 0, "rest": 4}