{"era": 4.31, "whip": 1.37, "k_rate": 0.2023047375160051, "bb9": 4.2045028142589125, "era_home": 4.17, "era_away": 4.42, "hand": 0, "rest": 4}