{"era": 3.22, "whip": 1.15, "k_rate": 0.2549019607843137, "bb9": 3.7549668874172184, "era_home": 3.42, "era_away": 3.04, "hand": 0, "rest": 4}