{"era": 4.17, "whip": 1.29, "k_rate": 0.2056239015817223, "bb9": 3.231920199501247, "era_home": 4.26, "era_away": 4.09, "hand": 0, "rest": 4}