{"era": 4.28, "whip": 1.22, "k_rate": 0.1935483870967742, "bb9": 2.7896678966789668, "era_home": 5.94, "era_away": 3.17, "hand": 0, "rest": 4}