{"era": 3.39, "whip": 1.21, "k_rate": 0.24538745387453875, "bb9": 1.523076923076923, "era_home": 3.28, "era_away": 3.53, "hand": 0, "rest": 4}