{"era": 3.61, "whip": 1.16, "k_rate": 0.19463087248322147, "bb9": 2.364055299539171, "era_home": 3.78, "era_away": 3.46, "hand": 0, "rest": 4}