{"era": 4.15, "whip": 1.29, "k_rate": 0.20458265139116202, "bb9": 3.4059633027522933, "era_home": 3.61, "era_away": 4.76, "hand": 0, "rest": 4}