{"era": 4.61, "whip": 1.11, "k_rate": 0.17672413793103448, "bb9": 2.5411764705882356, "era_home": 4.28, "era_away": 4.91, "hand": 0, "rest": 4}