{"era": 5.36, "whip": 1.39, "k_rate": 0.18933333333333333, "bb9": 2.885496183206107, "era_home": 6.44, "era_away": 4.59, "hand": 0, "rest": 4}