{"era": 2.23, "whip": 1.17, "k_rate": 0.25177304964539005, "bb9": 4.5873786407766985, "era_home": 2.73, "era_away": 1.77, "hand": 0, "rest": 4}