{"era": 5.46, "whip": 1.5, "k_rate": 0.16205533596837945, "bb9": 2.732142857142857, "era_home": 5.34, "era_away": 5.61, "hand": 0, "rest": 4}