{"era": 2.87, "whip": 1.15, "k_rate": 0.21783625730994152, "bb9": 2.3266533066132262, "era_home": 2.39, "era_away": 3.43, "hand": 0, "rest": 4}