{"era": 4.95, "whip": 1.37, "k_rate": 0.25598086124401914, "bb9": 4.671280276816609, "era_home": 4.65, "era_away": 5.28, "hand": 0, "rest": 4}