{"era": 5.24, "whip": 1.5, "k_rate": 0.16285714285714287, "bb9": 3.142241379310345, "era_home": 7.26, "era_away": 3.88, "hand": 0, "rest": 4}