{"era": 0.64, "whip": 0.93, "k_rate": 0.2962962962962963, "bb9": 3.2142857142857144, "era_home": 0.0, "era_away": 1.08, "hand": 0, "rest": 4}