{"era": 4.9, "whip": 1.4, "k_rate": 0.2180746561886051, "bb9": 3.5184135977337108, "era_home": 5.0, "era_away": 4.77, "hand": 0, "rest": 4}