{"era": 5.47, "whip": 1.5, "k_rate": 0.2222222222222222, "bb9": 3.7850467289719627, "era_home": 5.94, "era_away": 5.0, "hand": 0, "rest": 4}