{"era": 3.17, "whip": 1.42, "k_rate": 0.15973741794310722, "bb9": 3.3333333333333335, "era_home": 3.47, "era_away": 2.79, "hand": 0, "rest": 4}