{"era": 5.92, "whip": 1.45, "k_rate": 0.15343915343915343, "bb9": 2.9617346938775513, "era_home": 4.69, "era_away": 7.08, "hand": 0, "rest": 4}