{"era": 3.54, "whip": 1.18, "k_rate": 0.20238095238095238, "bb9": 4.426229508196721, "era_home": 0.0, "era_away": 4.41, "hand": 0, "rest": 4}