{"era": 6.3, "whip": 1.63, "k_rate": 0.13649851632047477, "bb9": 4.721973094170404, "era_home": 6.0, "era_away": 6.57, "hand": 0, "rest": 4}