{"era": 3.3, "whip": 0.93, "k_rate": 0.22549019607843138, "bb9": 1.909967845659164, "era_home": 3.4, "era_away": 3.21, "hand": 0, "rest": 4}