{"era": 4.78, "whip": 1.32, "k_rate": 0.15930232558139534, "bb9": 1.7433774834437086, "era_home": 5.55, "era_away": 4.05, "hand": 0, "rest": 4}