{"era": 2.55, "whip": 1.13, "k_rate": 0.2572347266881029, "bb9": 2.0858369098712446, "era_home": 3.86, "era_away": 1.71, "hand": 0, "rest": 4}