{"era": 1.86, "whip": 1.29, "k_rate": 0.19753086419753085, "bb9": 4.655172413793104, "era_home": 1.08, "era_away": 2.45, "hand": 0, "rest": 4}