{"era": 3.88, "whip": 1.47, "k_rate": 0.1937984496124031, "bb9": 4.9655172413793105, "era_home": 3.89, "era_away": 3.86, "hand": 0, "rest": 4}