{"era": 5.09, "whip": 1.36, "k_rate": 0.26766917293233083, "bb9": 3.1798715203426124, "era_home": 6.56, "era_away": 3.8, "hand": 0, "rest": 4}