{"era": 5.23, "whip": 1.45, "k_rate": 0.18604651162790697, "bb9": 4.354838709677419, "era_home": 4.91, "era_away": 6.0, "hand": 0, "rest": 4}