{"era": 2.91, "whip": 1.11, "k_rate": 0.24039829302987198, "bb9": 2.8071833648393194, "era_home": 2.53, "era_away": 3.36, "hand": 0, "rest": 4}