{"era": 3.65, "whip": 1.26, "k_rate": 0.25120772946859904, "bb9": 3.2837837837837838, "era_home": 3.36, "era_away": 4.02, "hand": 0, "rest": 4}