{"era": 7.39, "whip": 1.84, "k_rate": 0.13157894736842105, "bb9": 4.982142857142857, "era_home": 5.4, "era_away": 9.2, "hand": 0, "rest": 4}