{"era": 4.73, "whip": 1.19, "k_rate": 0.23880597014925373, "bb9": 1.9484536082474226, "era_home": 4.55, "era_away": 4.91, "hand": 0, "rest": 4}