{"era": 3.96, "whip": 1.28, "k_rate": 0.25339366515837103, "bb9": 4.471337579617834, "era_home": 4.4, "era_away": 3.42, "hand": 0, "rest": 4}