{"era": 6.23, "whip": 1.65, "k_rate": 0.15601503759398497, "bb9": 3.3846153846153846, "era_home": 6.9, "era_away": 5.5, "hand": 0, "rest": 4}