{"era": 2.76, "whip": 1.04, "k_rate": 0.16129032258064516, "bb9": 1.653061224489796, "era_home": 0.77, "era_away": 7.71, "hand": 0, "rest": 4}