{"era": 4.5, "whip": 1.11, "k_rate": 0.2430939226519337, "bb9": 1.0227272727272727, "era_home": 4.37, "era_away": 4.64, "hand": 0, "rest": 4}