{"era": 3.66, "whip": 1.15, "k_rate": 0.23672230652503792, "bb9": 1.6346555323590815, "era_home": 4.46, "era_away": 2.85, "hand": 0, "rest": 4}