{"era": 5.25, "whip": 1.33, "k_rate": 0.19165580182529335, "bb9": 1.8849056603773586, "era_home": 3.24, "era_away": 7.71, "hand": 0, "rest": 4}