{"era": 4.33, "whip": 1.35, "k_rate": 0.2020997375328084, "bb9": 2.7201492537313436, "era_home": 5.84, "era_away": 2.82, "hand": 0, "rest": 4}