{"era": 2.91, "whip": 1.34, "k_rate": 0.23667711598746083, "bb9": 3.6322869955156953, "era_home": 3.31, "era_away": 2.54, "hand": 0, "rest": 4}