{"era": 3.77, "whip": 1.51, "k_rate": 0.15706806282722513, "bb9": 3.558139534883721, "era_home": 2.57, "era_away": 6.0, "hand": 0, "rest": 4}