{"era": 5.61, "whip": 1.64, "k_rate": 0.211864406779661, "bb9": 4.909090909090909, "era_home": 2.77, "era_away": 8.53, "hand": 0, "rest": 4}