{"era": 2.8, "whip": 1.09, "k_rate": 0.2455621301775148, "bb9": 3.6573705179282867, "era_home": 3.19, "era_away": 2.36, "hand": 0, "rest": 4}