{"era": 5.21, "whip": 1.5, "k_rate": 0.24180327868852458, "bb9": 3.4451038575667656, "era_home": 5.85, "era_away": 4.23, "hand": 0, "rest": 4}