{"era": 6.69, "whip": 1.65, "k_rate": 0.24293785310734464, "bb9": 2.6283185840707968, "era_home": 9.82, "era_away": 3.72, "hand": 0, "rest": 4}