{"era": 3.73, "whip": 1.4, "k_rate": 0.19435736677115986, "bb9": 3.857142857142857, "era_home": 2.47, "era_away": 4.87, "hand": 0, "rest": 4}