{"era": 4.71, "whip": 1.41, "k_rate": 0.1493212669683258, "bb9": 2.5369127516778525, "era_home": 4.8, "era_away": 4.67, "hand": 0, "rest": 4}