{"era": 4.21, "whip": 1.31, "k_rate": 0.1882716049382716, "bb9": 2.3736263736263736, "era_home": 3.93, "era_away": 4.5, "hand": 0, "rest": 4}