{"era": 2.14, "whip": 0.76, "k_rate": 0.2389937106918239, "bb9": 1.0714285714285714, "era_home": 2.45, "era_away": 1.8, "hand": 0, "rest": 4}