{"era": 3.49, "whip": 1.19, "k_rate": 0.2033898305084746, "bb9": 2.574152542372881, "era_home": 3.42, "era_away": 3.54, "hand": 0, "rest": 4}