{"era": 3.88, "whip": 1.17, "k_rate": 0.24634146341463414, "bb9": 2.0769230769230766, "era_home": 3.86, "era_away": 3.93, "hand": 0, "rest": 4}