{"era": 4.5, "whip": 1.23, "k_rate": 0.19047619047619047, "bb9": 1.7307692307692308, "era_home": 5.54, "era_away": 3.46, "hand": 0, "rest": 4}