{"era": 3.19, "whip": 1.52, "k_rate": 0.19708029197080293, "bb9": 3.4838709677419355, "era_home": 4.86, "era_away": 1.26, "hand": 0, "rest": 4}