{"era": 9.58, "whip": 2.32, "k_rate": 0.16363636363636364, "bb9": 6.967741935483871, "era_home": 12.27, "era_away": 3.0, "hand": 0, "rest": 4}