{"era": 2.97, "whip": 1.2, "k_rate": 0.2533783783783784, "bb9": 2.7247706422018347, "era_home": 2.18, "era_away": 4.02, "hand": 0, "rest": 4}