{"era": 4.96, "whip": 1.3, "k_rate": 0.23248882265275708, "bb9": 2.848101265822785, "era_home": 3.62, "era_away": 6.16, "hand": 0, "rest": 4}