{"era": 6.56, "whip": 1.82, "k_rate": 0.21839080459770116, "bb9": 3.280373831775701, "era_home": 11.4, "era_away": 3.05, "hand": 0, "rest": 4}