{"era": 4.11, "whip": 1.22, "k_rate": 0.2664359861591695, "bb9": 3.0652173913043477, "era_home": 3.89, "era_away": 4.34, "hand": 0, "rest": 4}