{"era": 5.11, "whip": 1.45, "k_rate": 0.15853658536585366, "bb9": 2.3513513513513513, "era_home": 4.65, "era_away": 5.69, "hand": 0, "rest": 4}