{"era": 4.12, "whip": 1.29, "k_rate": 0.21646341463414634, "bb9": 3.0889830508474576, "era_home": 4.78, "era_away": 3.45, "hand": 0, "rest": 4}