{"era": 5.02, "whip": 1.54, "k_rate": 0.20605187319884727, "bb9": 3.4989200863930883, "era_home": 5.1, "era_away": 4.94, "hand": 0, "rest": 4}