{"era": 6.86, "whip": 1.67, "k_rate": 0.15879828326180256, "bb9": 3.3420195439739415, "era_home": 5.77, "era_away": 8.69, "hand": 0, "rest": 4}