{"era": 3.32, "whip": 1.43, "k_rate": 0.21264367816091953, "bb9": 3.9836065573770494, "era_home": 3.04, "era_away": 3.86, "hand": 0, "rest": 4}