{"era": 3.2, "whip": 0.91, "k_rate": 0.3229571984435798, "bb9": 1.9484536082474226, "era_home": 3.38, "era_away": 3.03, "hand": 0, "rest": 4}