{"era": 4.21, "whip": 1.25, "k_rate": 0.2545454545454545, "bb9": 2.5471698113207544, "era_home": 2.9, "era_away": 5.35, "hand": 0, "rest": 4}