{"era": 5.02, "whip": 1.36, "k_rate": 0.23728813559322035, "bb9": 3.995515695067265, "era_home": 6.12, "era_away": 4.11, "hand": 0, "rest": 4}