{"era": 5.59, "whip": 1.39, "k_rate": 0.28043478260869564, "bb9": 3.3535031847133756, "era_home": 5.71, "era_away": 5.47, "hand": 0, "rest": 4}