{"era": 4.76, "whip": 1.33, "k_rate": 0.18689320388349515, "bb9": 2.8372881355932207, "era_home": 4.09, "era_away": 5.89, "hand": 0, "rest": 4}