{"era": 3.78, "whip": 1.3, "k_rate": 0.18467583497053044, "bb9": 3.5604395604395607, "era_home": 3.88, "era_away": 3.67, "hand": 0, "rest": 4}