{"era": 1.04, "whip": 0.75, "k_rate": 0.15873015873015872, "bb9": 0.5192307692307693, "era_home": 0.9, "era_away": 1.23, "hand": 0, "rest": 4}