{"era": 3.38, "whip": 1.3, "k_rate": 0.18835616438356165, "bb9": 3.245192307692308, "era_home": 3.66, "era_away": 3.13, "hand": 0, "rest": 4}