{"era": 3.66, "whip": 1.25, "k_rate": 0.29705215419501135, "bb9": 3.3967741935483873, "era_home": 2.85, "era_away": 5.11, "hand": 0, "rest": 4}