{"era": 4.45, "whip": 1.4, "k_rate": 0.15296052631578946, "bb9": 3.1129411764705885, "era_home": 3.67, "era_away": 5.18, "hand": 0, "rest": 4}