{"era": 3.33, "whip": 1.08, "k_rate": 0.24299065420560748, "bb9": 1.7808510638297874, "era_home": 3.97, "era_away": 2.81, "hand": 0, "rest": 4}