{"era": 4.52, "whip": 1.13, "k_rate": 0.25065963060686014, "bb9": 2.910780669144981, "era_home": 4.19, "era_away": 4.82, "hand": 0, "rest": 4}