{"era": 4.31, "whip": 1.47, "k_rate": 0.1674074074074074, "bb9": 3.491379310344828, "era_home": 5.31, "era_away": 3.09, "hand": 0, "rest": 4}