{"era": 3.73, "whip": 1.33, "k_rate": 0.16101694915254236, "bb9": 3.3341404358353515, "era_home": 4.11, "era_away": 3.42, "hand": 0, "rest": 4}