{"era": 5.35, "whip": 1.28, "k_rate": 0.16716417910447762, "bb9": 2.107594936708861, "era_home": 4.8, "era_away": 5.79, "hand": 0, "rest": 4}