{"era": 16.71, "whip": 2.43, "k_rate": 0.08333333333333333, "bb9": 10.285714285714286, "era_home": 16.2, "era_away": 17.18, "hand": 0, "rest": 4}