{"era": 3.12, "whip": 1.2, "k_rate": 0.23728813559322035, "bb9": 3.5895953757225434, "era_home": 2.49, "era_away": 3.62, "hand": 0, "rest": 4}