{"era": 5.87, "whip": 1.74, "k_rate": 0.19036144578313252, "bb9": 6.080152671755726, "era_home": 8.15, "era_away": 4.33, "hand": 0, "rest": 4}