{"era": 3.18, "whip": 1.0, "k_rate": 0.2765432098765432, "bb9": 2.6470588235294117, "era_home": 3.14, "era_away": 3.22, "hand": 0, "rest": 4}