{"era": 8.15, "whip": 1.92, "k_rate": 0.23595505617977527, "bb9": 5.094339622641509, "era_home": 8.74, "era_away": 7.11, "hand": 0, "rest": 4}