{"era": 3.32, "whip": 1.4, "k_rate": 0.1680327868852459, "bb9": 5.2105263157894735, "era_home": 2.51, "era_away": 4.38, "hand": 0, "rest": 4}