{"era": 3.41, "whip": 1.29, "k_rate": 0.19738988580750408, "bb9": 3.475862068965517, "era_home": 3.7, "era_away": 3.18, "hand": 0, "rest": 4}