{"era": 6.24, "whip": 1.53, "k_rate": 0.20463320463320464, "bb9": 2.9653179190751446, "era_home": 7.16, "era_away": 5.4, "hand": 0, "rest": 4}