{"era": 3.89, "whip": 1.09, "k_rate": 0.20625, "bb9": 3.432203389830508, "era_home": 3.38, "era_away": 4.5, "hand": 0, "rest": 4}