{"era": 4.13, "whip": 1.28, "k_rate": 0.17578125, "bb9": 2.5081967213114753, "era_home": 3.32, "era_away": 5.48, "hand": 0, "rest": 4}