{"era": 4.09, "whip": 1.3, "k_rate": 0.17894736842105263, "bb9": 3.483870967741935, "era_home": 3.16, "era_away": 4.77, "hand": 0, "rest": 4}