{"era": 5.06, "whip": 1.54, "k_rate": 0.10084033613445378, "bb9": 2.6999999999999997, "era_home": 3.48, "era_away": 6.06, "hand": 0, "rest": 4}