{"era": 9.0, "whip": 1.9, "k_rate": 0.14473684210526316, "bb9": 3.774193548387097, "era_home": 8.62, "era_away": 9.39, "hand": 0, "rest": 4}