{"era": 3.16, "whip": 1.22, "k_rate": 0.1761006289308176, "bb9": 3.4054054054054053, "era_home": 2.25, "era_away": 4.85, "hand": 0, "rest": 4}