{"era": 6.48, "whip": 1.56, "k_rate": 0.2972972972972973, "bb9": 3.2399999999999998, "era_home": 16.2, "era_away": 0.0, "hand": 0, "rest": 4}