{"era": 2.62, "whip": 1.05, "k_rate": 0.2655367231638418, "bb9": 2.2164179104477615, "era_home": 2.6, "era_away": 2.63, "hand": 0, "rest": 4}