{"era": 2.66, "whip": 0.72, "k_rate": 0.11363636363636363, "bb9": 1.5211267605633803, "era_home": 3.97, "era_away": 1.46, "hand": 0, "rest": 4}