{"era": 3.54, "whip": 1.11, "k_rate": 0.19298245614035087, "bb9": 3.5357142857142856, "era_home": 2.35, "era_away": 4.97, "hand": 0, "rest": 4}