{"era": 4.24, "whip": 1.23, "k_rate": 0.2125984251968504, "bb9": 2.6654478976234004, "era_home": 3.22, "era_away": 5.17, "hand": 0, "rest": 4}