{"era": 4.28, "whip": 1.26, "k_rate": 0.1905781584582441, "bb9": 2.4251497005988023, "era_home": 8.31, "era_away": 2.12, "hand": 0, "rest": 4}