{"era": 4.17, "whip": 1.14, "k_rate": 0.17225950782997762, "bb9": 1.0636363636363637, "era_home": 5.22, "era_away": 3.3, "hand": 0, "rest": 4}