{"era": 4.54, "whip": 1.33, "k_rate": 0.16352201257861634, "bb9": 3.106194690265487, "era_home": 4.97, "era_away": 3.65, "hand": 0, "rest": 4}