{"era": 3.63, "whip": 1.18, "k_rate": 0.21798365122615804, "bb9": 2.4923076923076923, "era_home": 6.15, "era_away": 2.04, "hand": 0, "rest": 4}