{"era": 2.85, "whip": 1.18, "k_rate": 0.26345609065155806, "bb9": 3.1640625, "era_home": 4.5, "era_away": 1.39, "hand": 0, "rest": 4}