{"era": 4.64, "whip": 1.26, "k_rate": 0.15246636771300448, "bb9": 2.751592356687898, "era_home": 6.59, "era_away": 2.52, "hand": 0, "rest": 4}