{"era": 3.65, "whip": 1.19, "k_rate": 0.23529411764705882, "bb9": 2.467486818980668, "era_home": 3.3, "era_away": 3.97, "hand": 0, "rest": 4}