{"era": 5.81, "whip": 1.5, "k_rate": 0.13043478260869565, "bb9": 4.443037974683545, "era_home": 4.1, "era_away": 7.52, "hand": 0, "rest": 4}