{"era": 3.71, "whip": 1.44, "k_rate": 0.16339869281045752, "bb9": 2.3823529411764706, "era_home": 4.4, "era_away": 3.2, "hand": 0, "rest": 4}