{"era": 4.56, "whip": 1.2, "k_rate": 0.19796954314720813, "bb9": 2.2816901408450705, "era_home": 4.22, "era_away": 4.85, "hand": 0, "rest": 4}