{"era": 5.68, "whip": 1.38, "k_rate": 0.20179372197309417, "bb9": 3.197368421052632, "era_home": 7.96, "era_away": 3.28, "hand": 0, "rest": 4}