{"era": 7.41, "whip": 1.76, "k_rate": 0.1728395061728395, "bb9": 6.352941176470588, "era_home": 7.71, "era_away": 6.0, "hand": 0, "rest": 4}