{"era": 3.98, "whip": 1.08, "k_rate": 0.16666666666666666, "bb9": 3.098360655737705, "era_home": 3.27, "era_away": 4.82, "hand": 0, "rest": 4}