{"era": 4.36, "whip": 1.2, "k_rate": 0.20833333333333334, "bb9": 2.671875, "era_home": 5.52, "era_away": 3.27, "hand": 0, "rest": 4}