{"era": 4.71, "whip": 1.24, "k_rate": 0.24342105263157895, "bb9": 2.0807339449541287, "era_home": 5.09, "era_away": 4.34, "hand": 0, "rest": 4}