{"era": 3.86, "whip": 1.21, "k_rate": 0.21203438395415472, "bb9": 1.8214285714285714, "era_home": 5.49, "era_away": 2.42, "hand": 0, "rest": 4}