{"era": 5.87, "whip": 1.52, "k_rate": 0.15151515151515152, "bb9": 2.739130434782609, "era_home": 6.35, "era_away": 4.5, "hand": 0, "rest": 4}