{"era": 3.75, "whip": 1.25, "k_rate": 0.18828451882845187, "bb9": 3.328767123287671, "era_home": 3.64, "era_away": 3.86, "hand": 0, "rest": 4}