{"era": 4.64, "whip": 1.27, "k_rate": 0.2132132132132132, "bb9": 2.433476394849785, "era_home": 6.46, "era_away": 2.79, "hand": 0, "rest": 4}