{"era": 3.77, "whip": 1.08, "k_rate": 0.20346320346320346, "bb9": 3.13953488372093, "era_home": 6.16, "era_away": 1.01, "hand": 0, "rest": 4}