{"era": 10.07, "whip": 2.08, "k_rate": 0.12871287128712872, "bb9": 5.491525423728813, "era_home": 12.54, "era_away": 7.84, "hand": 0, "rest": 4}