{"era": 2.44, "whip": 0.92, "k_rate": 0.26504065040650404, "bb9": 2.1599999999999997, "era_home": 1.95, "era_away": 3.06, "hand": 0, "rest": 4}