{"era": 1.96, "whip": 1.15, "k_rate": 0.22666666666666666, "bb9": 3.4363636363636365, "era_home": 3.0, "era_away": 0.96, "hand": 0, "rest": 4}