{"era": 5.31, "whip": 1.44, "k_rate": 0.15524475524475526, "bb9": 3.430327868852459, "era_home": 5.77, "era_away": 4.89, "hand": 0, "rest": 4}