{"era": 4.58, "whip": 1.38, "k_rate": 0.1935483870967742, "bb9": 2.616740088105727, "era_home": 3.99, "era_away": 5.18, "hand": 0, "rest": 4}