{"era": 6.75, "whip": 1.71, "k_rate": 0.13580246913580246, "bb9": 6.0576923076923075, "era_home": 7.67, "era_away": 5.76, "hand": 0, "rest": 4}