{"era": 5.01, "whip": 1.23, "k_rate": 0.1694290976058932, "bb9": 1.9033942558746735, "era_home": 3.26, "era_away": 6.9, "hand": 0, "rest": 4}