{"era": 6.66, "whip": 1.42, "k_rate": 0.1893491124260355, "bb9": 1.9870129870129871, "era_home": 10.73, "era_away": 4.38, "hand": 0, "rest": 4}