{"era": 4.08, "whip": 1.35, "k_rate": 0.1721698113207547, "bb9": 2.8087248322147653, "era_home": 4.1, "era_away": 4.06, "hand": 0, "rest": 4}