{"era": 4.44, "whip": 1.37, "k_rate": 0.24050632911392406, "bb9": 3.603696098562628, "era_home": 3.5, "era_away": 5.52, "hand": 0, "rest": 4}