{"era": 3.17, "whip": 1.24, "k_rate": 0.20704845814977973, "bb9": 3.8333333333333335, "era_home": 2.45, "era_away": 3.66, "hand": 0, "rest": 4}