{"era": 1.35, "whip": 1.35, "k_rate": 0.1111111111111111, "bb9": 1.3499999999999999, "era_home": 1.35, "era_away": 1.35, "hand": 0, "rest": 4}