{"era": 5.31, "whip": 1.54, "k_rate": 0.19047619047619047, "bb9": 4.677165354330708, "era_home": 5.06, "era_away": 5.57, "hand": 0, "rest": 4}