{"era": 6.43, "whip": 1.43, "k_rate": 0.06666666666666667, "bb9": 5.142857142857143, "era_home": 12.0, "era_away": 2.25, "hand": 0, "rest": 4}