{"era": 5.11, "whip": 1.56, "k_rate": 0.21764705882352942, "bb9": 5.828193832599118, "era_home": 4.89, "era_away": 5.46, "hand": 0, "rest": 4}