{"era": 2.91, "whip": 1.02, "k_rate": 0.2507204610951009, "bb9": 1.4538461538461538, "era_home": 2.72, "era_away": 3.14, "hand": 0, "rest": 4}