{"era": 5.38, "whip": 1.36, "k_rate": 0.206266318537859, "bb9": 2.537593984962406, "era_home": 4.7, "era_away": 5.9, "hand": 0, "rest": 4}