{"era": 5.12, "whip": 1.29, "k_rate": 0.1656441717791411, "bb9": 2.094827586206897, "era_home": 4.81, "era_away": 5.65, "hand": 0, "rest": 4}