{"era": 3.48, "whip": 1.09, "k_rate": 0.21823204419889503, "bb9": 1.8168224299065419, "era_home": 3.31, "era_away": 3.75, "hand": 0, "rest": 4}