{"era": 5.06, "whip": 1.27, "k_rate": 0.163575042158516, "bb9": 1.4543325526932083, "era_home": 3.62, "era_away": 6.75, "hand": 0, "rest": 4}