{"era": 5.08, "whip": 1.44, "k_rate": 0.1736842105263158, "bb9": 3.045112781954887, "era_home": 5.51, "era_away": 4.82, "hand": 0, "rest": 4}