{"era": 4.0, "whip": 1.3, "k_rate": 0.26956521739130435, "bb9": 3.3333333333333335, "era_home": 4.24, "era_away": 3.6, "hand": 0, "rest": 4}