{"era": 7.11, "whip": 2.53, "k_rate": 0.12121212121212122, "bb9": 5.684210526315789, "era_home": 18.0, "era_away": 2.08, "hand": 0, "rest": 4}