{"era": 5.87, "whip": 1.43, "k_rate": 0.15942028985507245, "bb9": 3.5217391304347823, "era_home": 7.5, "era_away": 4.82, "hand": 0, "rest": 4}