{"era": 4.87, "whip": 1.33, "k_rate": 0.24753867791842477, "bb9": 3.4629258517034067, "era_home": 5.9, "era_away": 3.86, "hand": 0, "rest": 4}