{"era": 5.12, "whip": 1.47, "k_rate": 0.17105263157894737, "bb9": 3.176470588235294, "era_home": 5.54, "era_away": 4.68, "hand": 0, "rest": 4}