{"era": 5.68, "whip": 1.43, "k_rate": 0.14206896551724138, "bb9": 3.1700404858299596, "era_home": 5.56, "era_away": 5.84, "hand": 0, "rest": 4}