{"era": 2.59, "whip": 1.03, "k_rate": 0.3132678132678133, "bb9": 2.016233766233766, "era_home": 3.02, "era_away": 2.25, "hand": 0, "rest": 4}