{"era": 4.64, "whip": 1.33, "k_rate": 0.20957095709570958, "bb9": 2.4776470588235298, "era_home": 3.52, "era_away": 5.56, "hand": 0, "rest": 4}