{"era": 3.18, "whip": 1.59, "k_rate": 0.1724137931034483, "bb9": 6.352941176470588, "era_home": 0.0, "era_away": 6.0, "hand": 0, "rest": 4}