{"era": 3.09, "whip": 1.15, "k_rate": 0.12359550561797752, "bb9": 2.4732824427480917, "era_home": 3.38, "era_away": 2.82, "hand": 0, "rest": 4}