{"era": 3.47, "whip": 1.12, "k_rate": 0.2633802816901408, "bb9": 2.2802303262955856, "era_home": 4.15, "era_away": 2.76, "hand": 0, "rest": 4}