{"era": 2.18, "whip": 1.06, "k_rate": 0.20476190476190476, "bb9": 2.347826086956522, "era_home": 1.21, "era_away": 3.38, "hand": 0, "rest": 4}