{"era": 5.23, "whip": 1.55, "k_rate": 0.15217391304347827, "bb9": 6.967741935483871, "era_home": 5.23, "era_away": 5.23, "hand": 0, "rest": 4}