{"era": 6.04, "whip": 1.45, "k_rate": 0.16569200779727095, "bb9": 2.677053824362606, "era_home": 5.23, "era_away": 6.68, "hand": 0, "rest": 4}