{"era": 4.97, "whip": 1.74, "k_rate": 0.24193548387096775, "bb9": 7.815789473684211, "era_home": 5.68, "era_away": 4.26, "hand": 0, "rest": 4}