{"era": 3.1, "whip": 1.09, "k_rate": 0.3548387096774194, "bb9": 2.353211009174312, "era_home": 3.72, "era_away": 2.38, "hand": 0, "rest": 4}