{"era": 7.11, "whip": 2.53, "k_rate": 0.21212121212121213, "bb9": 11.368421052631579, "era_home": 7.36, "era_away": 6.75, "hand": 0, "rest": 4}