{"era": 3.41, "whip": 1.37, "k_rate": 0.22014925373134328, "bb9": 4.689473684210526, "era_home": 4.76, "era_away": 1.84, "hand": 0, "rest": 4}