{"era": 4.73, "whip": 1.46, "k_rate": 0.15164835164835164, "bb9": 4.12012987012987, "era_home": 3.68, "era_away": 6.14, "hand": 0, "rest": 4}