{"era": 1.17, "whip": 0.65, "k_rate": 0.1724137931034483, "bb9": 1.1739130434782608, "era_home": 0.0, "era_away": 1.69, "hand": 0, "rest": 4}