{"era": 3.54, "whip": 1.19, "k_rate": 0.2125506072874494, "bb9": 4.298882681564246, "era_home": 3.01, "era_away": 4.26, "hand": 0, "rest": 4}