{"era": 3.81, "whip": 1.4, "k_rate": 0.22160148975791433, "bb9": 3.446808510638298, "era_home": 3.98, "era_away": 3.64, "hand": 0, "rest": 4}