{"era": 7.3, "whip": 1.78, "k_rate": 0.15789473684210525, "bb9": 2.189189189189189, "era_home": 4.91, "era_away": 8.31, "hand": 0, "rest": 4}