{"era": 3.32, "whip": 0.99, "k_rate": 0.22413793103448276, "bb9": 2.9076923076923076, "era_home": 5.04, "era_away": 0.98, "hand": 0, "rest": 4}