{"era": 6.28, "whip": 1.6, "k_rate": 0.1797752808988764, "bb9": 3.2586206896551726, "era_home": 5.64, "era_away": 7.16, "hand": 0, "rest": 4}