{"era": 3.2, "whip": 1.3, "k_rate": 0.26851851851851855, "bb9": 3.197368421052632, "era_home": 4.56, "era_away": 1.8, "hand": 0, "rest": 4}