{"era": 3.6, "whip": 1.15, "k_rate": 0.2634508348794063, "bb9": 3.3230769230769233, "era_home": 3.77, "era_away": 3.39, "hand": 0, "rest": 4}