{"era": 1.82, "whip": 1.15, "k_rate": 0.2605633802816901, "bb9": 4.413461538461538, "era_home": 2.2, "era_away": 1.47, "hand": 0, "rest": 4}