{"era": 3.63, "whip": 1.36, "k_rate": 0.35135135135135137, "bb9": 3.1153846153846154, "era_home": 3.44, "era_away": 3.86, "hand": 0, "rest": 4}