{"era": 6.37, "whip": 1.55, "k_rate": 0.2805755395683453, "bb9": 5.157303370786517, "era_home": 8.1, "era_away": 5.87, "hand": 0, "rest": 4}