{"era": 4.03, "whip": 1.21, "k_rate": 0.21505376344086022, "bb9": 0.8059701492537313, "era_home": 5.25, "era_away": 2.61, "hand": 0, "rest": 4}