{"era": 3.7, "whip": 1.29, "k_rate": 0.1911504424778761, "bb9": 2.8952618453865338, "era_home": 3.94, "era_away": 3.49, "hand": 0, "rest": 4}