{"era": 3.95, "whip": 1.15, "k_rate": 0.22598870056497175, "bb9": 2.0769230769230766, "era_home": 3.72, "era_away": 4.13, "hand": 0, "rest": 4}