{"era": 3.69, "whip": 1.22, "k_rate": 0.23751891074130105, "bb9": 3.346638655462185, "era_home": 2.56, "era_away": 4.76, "hand": 0, "rest": 4}