{"era": 4.57, "whip": 1.32, "k_rate": 0.35638297872340424, "bb9": 3.323076923076923, "era_home": 3.86, "era_away": 5.24, "hand": 0, "rest": 4}