{"era": 4.13, "whip": 1.26, "k_rate": 0.3357142857142857, "bb9": 3.306122448979592, "era_home": 7.41, "era_away": 0.57, "hand": 0, "rest": 4}