{"era": 9.82, "whip": 2.73, "k_rate": 0.14285714285714285, "bb9": 9.818181818181818, "era_home": 9.82, "era_away": 9.82, "hand": 0, "rest": 4}