{"era": 5.03, "whip": 1.56, "k_rate": 0.23529411764705882, "bb9": 5.294117647058823, "era_home": 3.6, "era_away": 7.07, "hand": 0, "rest": 4}