{"era": 3.29, "whip": 1.03, "k_rate": 0.19006211180124225, "bb9": 1.7347611202635913, "era_home": 2.38, "era_away": 4.1, "hand": 0, "rest": 4}