{"era": 5.96, "whip": 1.62, "k_rate": 0.19491525423728814, "bb9": 3.331168831168831, "era_home": 6.85, "era_away": 5.2, "hand": 0, "rest": 4}