{"era": 4.23, "whip": 1.17, "k_rate": 0.2733644859813084, "bb9": 2.4153354632587862, "era_home": 5.8, "era_away": 3.03, "hand": 0, "rest": 4}