{"era": 5.35, "whip": 1.19, "k_rate": 0.2111801242236025, "bb9": 0.972972972972973, "era_home": 8.35, "era_away": 2.41, "hand": 0, "rest": 4}