{"era": 4.04, "whip": 1.31, "k_rate": 0.27002967359050445, "bb9": 3.6923076923076925, "era_home": 3.56, "era_away": 4.8, "hand": 0, "rest": 4}