{"era": 4.35, "whip": 1.34, "k_rate": 0.2504854368932039, "bb9": 3.098360655737705, "era_home": 4.59, "era_away": 4.08, "hand": 0, "rest": 4}