{"era": 3.09, "whip": 0.97, "k_rate": 0.2488479262672811, "bb9": 1.463855421686747, "era_home": 2.49, "era_away": 3.94, "hand": 0, "rest": 4}