{"era": 6.44, "whip": 1.68, "k_rate": 0.1834319526627219, "bb9": 3.715596330275229, "era_home": 4.96, "era_away": 7.65, "hand": 0, "rest": 4}