{"era": 4.93, "whip": 1.52, "k_rate": 0.16283185840707964, "bb9": 4.357142857142857, "era_home": 3.84, "era_away": 6.12, "hand": 0, "rest": 4}