{"era": 4.47, "whip": 1.32, "k_rate": 0.23097826086956522, "bb9": 4.153846153846153, "era_home": 3.69, "era_away": 5.1, "hand": 0, "rest": 4}