{"era": 4.42, "whip": 1.28, "k_rate": 0.20238095238095238, "bb9": 2.4439655172413794, "era_home": 5.03, "era_away": 3.79, "hand": 0, "rest": 4}