{"era": 4.82, "whip": 1.42, "k_rate": 0.30522088353413657, "bb9": 3.857142857142857, "era_home": 5.13, "era_away": 4.65, "hand": 0, "rest": 4}