{"era": 3.29, "whip": 1.18, "k_rate": 0.2579957356076759, "bb9": 3.208695652173913, "era_home": 2.61, "era_away": 3.84, "hand": 0, "rest": 4}