{"era": 3.98, "whip": 1.16, "k_rate": 0.17273954116059378, "bb9": 1.7900552486187846, "era_home": 3.07, "era_away": 5.26, "hand": 0, "rest": 4}