{"era": 3.93, "whip": 1.2, "k_rate": 0.2533783783783784, "bb9": 3.8028169014084505, "era_home": 5.24, "era_away": 2.7, "hand": 0, "rest": 4}