{"era": 8.03, "whip": 1.7, "k_rate": 0.2033898305084746, "bb9": 5.837837837837838, "era_home": 8.03, "era_away": 8.03, "hand": 0, "rest": 4}