{"era": 5.15, "whip": 1.33, "k_rate": 0.23684210526315788, "bb9": 1.6325581395348836, "era_home": 4.37, "era_away": 5.89, "hand": 0, "rest": 4}