{"era": 6.33, "whip": 1.5, "k_rate": 0.18397626112759644, "bb9": 2.0309734513274336, "era_home": 5.29, "era_away": 8.13, "hand": 0, "rest": 4}