{"era": 5.99, "whip": 1.48, "k_rate": 0.153125, "bb9": 1.4660633484162895, "era_home": 4.54, "era_away": 7.5, "hand": 0, "rest": 4}