{"era": 5.27, "whip": 1.33, "k_rate": 0.25666666666666665, "bb9": 3.9857142857142858, "era_home": 5.5, "era_away": 5.03, "hand": 0, "rest": 4}