{"era": 7.59, "whip": 1.97, "k_rate": 0.13333333333333333, "bb9": 2.109375, "era_home": 3.75, "era_away": 12.54, "hand": 0, "rest": 4}