{"era": 4.66, "whip": 1.41, "k_rate": 0.2047244094488189, "bb9": 2.4827586206896552, "era_home": 5.68, "era_away": 3.86, "hand": 0, "rest": 4}