{"era": 4.9, "whip": 1.32, "k_rate": 0.2779783393501805, "bb9": 3.217616580310881, "era_home": 6.03, "era_away": 3.6, "hand": 0, "rest": 4}