{"era": 3.15, "whip": 1.11, "k_rate": 0.29931972789115646, "bb9": 3.532710280373832, "era_home": 3.79, "era_away": 2.43, "hand": 0, "rest": 4}