{"era": 5.44, "whip": 1.52, "k_rate": 0.16666666666666666, "bb9": 3.2661290322580645, "era_home": 3.79, "era_away": 6.85, "hand": 0, "rest": 4}