{"era": 8.56, "whip": 1.83, "k_rate": 0.13636363636363635, "bb9": 2.6341463414634148, "era_home": 7.2, "era_away": 9.35, "hand": 0, "rest": 4}