{"era": 3.86, "whip": 1.41, "k_rate": 0.25980392156862747, "bb9": 4.821428571428572, "era_home": 2.73, "era_away": 5.31, "hand": 0, "rest": 4}