{"era": 4.84, "whip": 1.32, "k_rate": 0.14947683109118087, "bb9": 2.1300639658848612, "era_home": 3.42, "era_away": 6.39, "hand": 0, "rest": 4}