{"era": 4.63, "whip": 1.28, "k_rate": 0.21899736147757257, "bb9": 3.2238805970149254, "era_home": 3.86, "era_away": 5.26, "hand": 0, "rest": 4}