{"era": 5.68, "whip": 1.41, "k_rate": 0.18877551020408162, "bb9": 3.3874538745387457, "era_home": 5.8, "era_away": 5.56, "hand": 0, "rest": 4}