{"era": 11.71, "whip": 2.35, "k_rate": 0.2206896551724138, "bb9": 7.481927710843373, "era_home": 9.6, "era_away": 14.21, "hand": 0, "rest": 4}