{"era": 5.73, "whip": 1.39, "k_rate": 0.23638613861386137, "bb9": 3.283121597096189, "era_home": 5.4, "era_away": 6.07, "hand": 0, "rest": 4}