{"era": 3.08, "whip": 1.13, "k_rate": 0.23975409836065573, "bb9": 2.7075208913649025, "era_home": 2.66, "era_away": 3.63, "hand": 0, "rest": 4}