{"era": 4.49, "whip": 1.36, "k_rate": 0.21794871794871795, "bb9": 3.548254620123203, "era_home": 4.81, "era_away": 4.2, "hand": 0, "rest": 4}