{"era": 2.16, "whip": 0.9, "k_rate": 0.2153846153846154, "bb9": 2.6999999999999997, "era_home": 2.38, "era_away": 1.69, "hand": 0, "rest": 4}