{"era": 3.9, "whip": 1.42, "k_rate": 0.2476060191518468, "bb9": 3.5170340681362724, "era_home": 3.73, "era_away": 4.11, "hand": 0, "rest": 4}