{"era": 3.77, "whip": 1.12, "k_rate": 0.28019323671497587, "bb9": 2.6528384279475983, "era_home": 3.09, "era_away": 4.31, "hand": 0, "rest": 4}