{"era": 4.42, "whip": 1.42, "k_rate": 0.21686746987951808, "bb9": 4.909090909090909, "era_home": 3.86, "era_away": 9.0, "hand": 0, "rest": 4}