{"era": 2.07, "whip": 0.96, "k_rate": 0.2717391304347826, "bb9": 2.8421052631578947, "era_home": 2.72, "era_away": 1.35, "hand": 0, "rest": 4}