{"era": 3.14, "whip": 1.19, "k_rate": 0.18316831683168316, "bb9": 2.0342465753424657, "era_home": 3.04, "era_away": 3.27, "hand": 0, "rest": 4}