{"era": 3.77, "whip": 1.22, "k_rate": 0.18803418803418803, "bb9": 3.7674418604651163, "era_home": 4.73, "era_away": 2.93, "hand": 0, "rest": 4}