{"era": 4.45, "whip": 1.4, "k_rate": 0.24304267161410018, "bb9": 3.662234042553192, "era_home": 4.6, "era_away": 4.31, "hand": 0, "rest": 4}