{"era": 5.19, "whip": 1.5, "k_rate": 0.27312775330396477, "bb9": 5.185430463576159, "era_home": 4.58, "era_away": 5.91, "hand": 0, "rest": 4}