{"era": 4.24, "whip": 1.44, "k_rate": 0.271889400921659, "bb9": 5.959866220735786, "era_home": 2.42, "era_away": 5.96, "hand": 0, "rest": 4}