{"era": 3.49, "whip": 1.06, "k_rate": 0.17419354838709677, "bb9": 3.9568965517241383, "era_home": 3.6, "era_away": 3.38, "hand": 0, "rest": 4}