{"era": 2.98, "whip": 1.22, "k_rate": 0.2910662824207493, "bb9": 4.166332665330661, "era_home": 2.42, "era_away": 3.68, "hand": 0, "rest": 4}