{"era": 3.41, "whip": 1.13, "k_rate": 0.25384615384615383, "bb9": 2.7473684210526317, "era_home": 4.31, "era_away": 2.49, "hand": 0, "rest": 4}