{"era": 6.81, "whip": 1.75, "k_rate": 0.140625, "bb9": 4.702702702702703, "era_home": 6.17, "era_away": 7.42, "hand": 0, "rest": 4}