{"era": 3.35, "whip": 1.23, "k_rate": 0.15668202764976957, "bb9": 1.8757894736842105, "era_home": 3.83, "era_away": 2.84, "hand": 0, "rest": 4}