{"era": 3.66, "whip": 1.26, "k_rate": 0.2260061919504644, "bb9": 4.1266375545851535, "era_home": 3.13, "era_away": 3.88, "hand": 0, "rest": 4}