{"era": 3.96, "whip": 1.33, "k_rate": 0.22554347826086957, "bb9": 2.7475538160469664, "era_home": 2.71, "era_away": 5.47, "hand": 0, "rest": 4}