{"era": 5.92, "whip": 1.44, "k_rate": 0.2563559322033898, "bb9": 2.70846394984326, "era_home": 6.04, "era_away": 5.83, "hand": 0, "rest": 4}