{"era": 4.88, "whip": 1.31, "k_rate": 0.25692695214105793, "bb9": 3.5641952983725136, "era_home": 3.58, "era_away": 6.07, "hand": 0, "rest": 4}