{"era": 5.05, "whip": 1.34, "k_rate": 0.20055710306406685, "bb9": 2.576540755467197, "era_home": 4.57, "era_away": 5.79, "hand": 0, "rest": 4}