{"era": 4.62, "whip": 1.27, "k_rate": 0.21656050955414013, "bb9": 3.6486486486486487, "era_home": 3.33, "era_away": 7.11, "hand": 0, "rest": 4}