{"era": 5.56, "whip": 1.49, "k_rate": 0.24858757062146894, "bb9": 2.722689075630252, "era_home": 5.67, "era_away": 5.48, "hand": 0, "rest": 4}