{"era": 3.06, "whip": 1.36, "k_rate": 0.15570934256055363, "bb9": 3.4581280788177335, "era_home": 3.44, "era_away": 2.67, "hand": 0, "rest": 4}