{"era": 2.31, "whip": 1.11, "k_rate": 0.20408163265306123, "bb9": 3.857142857142857, "era_home": 0.0, "era_away": 4.38, "hand": 0, "rest": 4}