{"era": 2.87, "whip": 1.27, "k_rate": 0.19879518072289157, "bb9": 4.300884955752212, "era_home": 2.25, "era_away": 3.57, "hand": 0, "rest": 4}