{"era": 9.68, "whip": 1.75, "k_rate": 0.13095238095238096, "bb9": 1.5283018867924527, "era_home": 27.0, "era_away": 7.88, "hand": 0, "rest": 4}