{"era": 3.42, "whip": 1.04, "k_rate": 0.28156748911465895, "bb9": 2.0526315789473686, "era_home": 3.48, "era_away": 3.36, "hand": 0, "rest": 4}