{"era": 10.32, "whip": 1.9, "k_rate": 0.2636363636363636, "bb9": 3.9705882352941173, "era_home": 14.59, "era_away": 5.23, "hand": 0, "rest": 4}