{"era": 3.85, "whip": 1.36, "k_rate": 0.20694864048338368, "bb9": 3.0789473684210527, "era_home": 3.74, "era_away": 4.01, "hand": 0, "rest": 4}