{"era": 3.84, "whip": 1.09, "k_rate": 0.3025335320417288, "bb9": 2.1102204408817635, "era_home": 2.79, "era_away": 5.2, "hand": 0, "rest": 4}