{"era": 5.45, "whip": 1.46, "k_rate": 0.17727272727272728, "bb9": 3.1818181818181817, "era_home": 4.91, "era_away": 6.14, "hand": 0, "rest": 4}