{"era": 4.15, "whip": 1.85, "k_rate": 0.16279069767441862, "bb9": 7.26923076923077, "era_home": 5.4, "era_away": 3.38, "hand": 0, "rest": 4}