{"era": 4.35, "whip": 1.39, "k_rate": 0.29493087557603687, "bb9": 3.080536912751678, "era_home": 4.97, "era_away": 3.48, "hand": 0, "rest": 4}