{"era": 2.99, "whip": 1.08, "k_rate": 0.27154471544715447, "bb9": 2.694013303769401, "era_home": 2.69, "era_away": 3.29, "hand": 0, "rest": 4}