{"era": 3.35, "whip": 1.24, "k_rate": 0.2827586206896552, "bb9": 1.4427480916030535, "era_home": 4.57, "era_away": 2.3, "hand": 0, "rest": 4}