{"era": 5.28, "whip": 1.49, "k_rate": 0.15053763440860216, "bb9": 4.0673076923076925, "era_home": 5.81, "era_away": 4.82, "hand": 0, "rest": 4}