{"era": 7.61, "whip": 1.91, "k_rate": 0.16201117318435754, "bb9": 5.8909090909090915, "era_home": 7.71, "era_away": 7.5, "hand": 0, "rest": 4}