{"era": 4.08, "whip": 1.57, "k_rate": 0.20155038759689922, "bb9": 3.7674418604651163, "era_home": 3.92, "era_away": 4.5, "hand": 0, "rest": 4}