{"era": 3.71, "whip": 1.22, "k_rate": 0.13937282229965156, "bb9": 2.431279620853081, "era_home": 2.33, "era_away": 5.4, "hand": 0, "rest": 4}