{"era": 4.21, "whip": 1.19, "k_rate": 0.26145038167938933, "bb9": 2.0714285714285716, "era_home": 3.38, "era_away": 5.16, "hand": 0, "rest": 4}