{"era": 3.9, "whip": 1.32, "k_rate": 0.2689075630252101, "bb9": 4.228915662650603, "era_home": 3.6, "era_away": 4.26, "hand": 0, "rest": 4}