{"era": 5.26, "whip": 1.62, "k_rate": 0.23837209302325582, "bb9": 4.778761061946903, "era_home": 6.75, "era_away": 3.79, "hand": 0, "rest": 4}