{"era": 2.45, "whip": 1.18, "k_rate": 0.21505376344086022, "bb9": 4.090909090909091, "era_home": 1.38, "era_away": 4.0, "hand": 0, "rest": 4}