{"era": 5.49, "whip": 1.52, "k_rate": 0.1332263242375602, "bb9": 4.276595744680851, "era_home": 5.8, "era_away": 5.24, "hand": 0, "rest": 4}