{"era": 3.11, "whip": 1.23, "k_rate": 0.1705607476635514, "bb9": 2.329073482428115, "era_home": 3.71, "era_away": 2.53, "hand": 0, "rest": 4}