{"era": 7.41, "whip": 1.73, "k_rate": 0.1787709497206704, "bb9": 3.584070796460177, "era_home": 7.11, "era_away": 7.71, "hand": 0, "rest": 4}