{"era": 8.04, "whip": 2.04, "k_rate": 0.14634146341463414, "bb9": 2.872340425531915, "era_home": 12.6, "era_away": 5.91, "hand": 0, "rest": 4}