{"era": 6.43, "whip": 1.89, "k_rate": 0.17159763313609466, "bb9": 3.085714285714286, "era_home": 7.04, "era_away": 5.95, "hand": 0, "rest": 4}