{"era": 1.96, "whip": 0.78, "k_rate": 0.20930232558139536, "bb9": 0.782608695652174, "era_home": 0.9, "era_away": 2.77, "hand": 0, "rest": 4}