{"era": 4.08, "whip": 1.41, "k_rate": 0.15985130111524162, "bb9": 3.0566037735849054, "era_home": 4.29, "era_away": 3.9, "hand": 0, "rest": 4}