{"era": 2.66, "whip": 1.17, "k_rate": 0.23773584905660378, "bb9": 3.6373056994818658, "era_home": 1.75, "era_away": 3.81, "hand": 0, "rest": 4}