{"era": 2.63, "whip": 0.98, "k_rate": 0.27040194884287455, "bb9": 2.0669856459330145, "era_home": 2.88, "era_away": 2.34, "hand": 0, "rest": 4}