{"era": 3.73, "whip": 1.08, "k_rate": 0.24545454545454545, "bb9": 1.6993006993006994, "era_home": 4.1, "era_away": 3.4, "hand": 0, "rest": 4}