{"era": 3.66, "whip": 1.15, "k_rate": 0.29213483146067415, "bb9": 2.2268041237113403, "era_home": 4.21, "era_away": 3.1, "hand": 0, "rest": 4}