{"era": 4.44, "whip": 1.21, "k_rate": 0.3088512241054614, "bb9": 3.4376657824933687, "era_home": 4.7, "era_away": 4.21, "hand": 0, "rest": 4}