{"era": 2.94, "whip": 0.97, "k_rate": 0.30489335006273527, "bb9": 2.272277227722772, "era_home": 3.04, "era_away": 2.83, "hand": 0, "rest": 4}