{"era": 4.34, "whip": 1.29, "k_rate": 0.1978021978021978, "bb9": 2.9617346938775513, "era_home": 5.37, "era_away": 3.19, "hand": 0, "rest": 4}