{"era": 3.22, "whip": 1.19, "k_rate": 0.16292134831460675, "bb9": 3.0223880597014925, "era_home": 2.92, "era_away": 3.6, "hand": 0, "rest": 4}