{"era": 3.81, "whip": 1.28, "k_rate": 0.17486338797814208, "bb9": 3.2461832061068705, "era_home": 3.61, "era_away": 4.05, "hand": 0, "rest": 4}