{"era": 4.02, "whip": 1.29, "k_rate": 0.2116788321167883, "bb9": 2.353846153846154, "era_home": 5.56, "era_away": 2.32, "hand": 0, "rest": 4}