{"era": 3.95, "whip": 1.36, "k_rate": 0.29180327868852457, "bb9": 4.3463414634146345, "era_home": 2.83, "era_away": 4.76, "hand": 0, "rest": 4}