{"era": 4.26, "whip": 1.11, "k_rate": 0.19047619047619047, "bb9": 3.9078947368421053, "era_home": 3.2, "era_away": 7.94, "hand": 0, "rest": 4}