{"era": 1.38, "whip": 0.9, "k_rate": 0.2608695652173913, "bb9": 1.9038461538461537, "era_home": 1.78, "era_away": 1.01, "hand": 0, "rest": 4}