{"era": 4.23, "whip": 1.29, "k_rate": 0.3498233215547703, "bb9": 2.8636363636363638, "era_home": 4.91, "era_away": 3.55, "hand": 0, "rest": 4}