{"era": 3.06, "whip": 1.06, "k_rate": 0.24766355140186916, "bb9": 3.3962264150943398, "era_home": 1.0, "era_away": 5.19, "hand": 0, "rest": 4}