{"era": 6.57, "whip": 1.62, "k_rate": 0.23214285714285715, "bb9": 2.918918918918919, "era_home": 5.68, "era_away": 7.5, "hand": 0, "rest": 4}