{"era": 3.47, "whip": 1.16, "k_rate": 0.288265306122449, "bb9": 3.84375, "era_home": 3.06, "era_away": 3.86, "hand": 0, "rest": 4}