{"era": 3.59, "whip": 1.26, "k_rate": 0.24468085106382978, "bb9": 3.9901477832512313, "era_home": 4.05, "era_away": 3.15, "hand": 0, "rest": 4}