{"era": 5.07, "whip": 1.69, "k_rate": 0.13075060532687652, "bb9": 2.24187725631769, "era_home": 4.08, "era_away": 6.41, "hand": 0, "rest": 4}