{"era": 3.24, "whip": 1.2, "k_rate": 0.2647058823529412, "bb9": 2.1599999999999997, "era_home": 0.0, "era_away": 4.76, "hand": 0, "rest": 4}