{"era": 8.31, "whip": 2.19, "k_rate": 0.06818181818181818, "bb9": 5.1923076923076925, "era_home": 13.5, "era_away": 6.0, "hand": 0, "rest": 4}