{"era": 3.57, "whip": 1.31, "k_rate": 0.18808777429467086, "bb9": 2.854625550660793, "era_home": 2.76, "era_away": 4.19, "hand": 0, "rest": 4}