{"era": 3.88, "whip": 1.25, "k_rate": 0.22790697674418606, "bb9": 4.235294117647059, "era_home": 4.78, "era_away": 2.92, "hand": 0, "rest": 4}