{"era": 5.4, "whip": 1.3, "k_rate": 0.16470588235294117, "bb9": 3.2399999999999998, "era_home": 4.03, "era_away": 6.75, "hand": 0, "rest": 4}