{"era": 4.71, "whip": 1.78, "k_rate": 0.20522388059701493, "bb9": 4.238372093023256, "era_home": 4.13, "era_away": 5.28, "hand": 0, "rest": 4}