{"era": 3.91, "whip": 1.24, "k_rate": 0.21156373193166886, "bb9": 2.967032967032967, "era_home": 2.96, "era_away": 5.0, "hand": 0, "rest": 4}