{"era": 1.84, "whip": 1.13, "k_rate": 0.19166666666666668, "bb9": 1.840909090909091, "era_home": 1.88, "era_away": 1.8, "hand": 0, "rest": 4}