{"era": 3.32, "whip": 1.09, "k_rate": 0.2310126582278481, "bb9": 3.432203389830508, "era_home": 2.76, "era_away": 4.25, "hand": 0, "rest": 4}