{"era": 6.55, "whip": 1.68, "k_rate": 0.16731517509727625, "bb9": 4.526011560693642, "era_home": 8.79, "era_away": 5.82, "hand": 0, "rest": 4}