{"era": 4.92, "whip": 1.58, "k_rate": 0.17259786476868327, "bb9": 4.053619302949062, "era_home": 5.15, "era_away": 4.73, "hand": 0, "rest": 4}