{"era": 5.0, "whip": 1.51, "k_rate": 0.19675456389452334, "bb9": 4.352238805970149, "era_home": 5.63, "era_away": 4.52, "hand": 0, "rest": 4}