{"era": 3.14, "whip": 1.14, "k_rate": 0.16122448979591836, "bb9": 2.8421052631578947, "era_home": 3.55, "era_away": 2.65, "hand": 0, "rest": 4}