{"era": 4.4, "whip": 1.36, "k_rate": 0.1975867269984917, "bb9": 2.9549356223175964, "era_home": 3.36, "era_away": 5.38, "hand": 0, "rest": 4}