{"era": 4.78, "whip": 1.23, "k_rate": 0.21630094043887146, "bb9": 2.9867256637168142, "era_home": 4.85, "era_away": 4.68, "hand": 0, "rest": 4}