{"era": 4.33, "whip": 1.51, "k_rate": 0.29081632653061223, "bb9": 4.328244274809161, "era_home": 3.68, "era_away": 4.98, "hand": 0, "rest": 4}