{"era": 2.58, "whip": 0.88, "k_rate": 0.21714285714285714, "bb9": 1.1911764705882353, "era_home": 1.88, "era_away": 3.78, "hand": 0, "rest": 4}