{"era": 3.64, "whip": 1.43, "k_rate": 0.25558659217877094, "bb9": 4.573469387755102, "era_home": 3.23, "era_away": 3.99, "hand": 0, "rest": 4}