{"era": 5.95, "whip": 1.61, "k_rate": 0.24436090225563908, "bb9": 3.6610169491525424, "era_home": 5.28, "era_away": 6.67, "hand": 0, "rest": 4}