{"era": 5.23, "whip": 1.42, "k_rate": 0.19787516600265603, "bb9": 2.354651162790698, "era_home": 4.24, "era_away": 6.36, "hand": 0, "rest": 4}