{"era": 7.4, "whip": 1.9, "k_rate": 0.11363636363636363, "bb9": 3.6534653465346536, "era_home": 6.67, "era_away": 8.23, "hand": 0, "rest": 4}