{"era": 3.32, "whip": 1.12, "k_rate": 0.20194174757281552, "bb9": 2.1910994764397906, "era_home": 2.59, "era_away": 3.89, "hand": 0, "rest": 4}