{"era": 8.68, "whip": 1.71, "k_rate": 0.13043478260869565, "bb9": 2.892857142857143, "era_home": 9.0, "era_away": 8.31, "hand": 0, "rest": 4}