{"era": 4.38, "whip": 1.22, "k_rate": 0.18073878627968337, "bb9": 2.440959409594096, "era_home": 5.29, "era_away": 3.67, "hand": 0, "rest": 4}