{"era": 3.3, "whip": 1.15, "k_rate": 0.23027375201288244, "bb9": 2.829694323144105, "era_home": 3.31, "era_away": 3.3, "hand": 0, "rest": 4}