{"era": 6.08, "whip": 1.59, "k_rate": 0.31176470588235294, "bb9": 5.594594594594595, "era_home": 11.05, "era_away": 2.82, "hand": 0, "rest": 4}