{"era": 8.45, "whip": 1.96, "k_rate": 0.1657754010695187, "bb9": 6.57391304347826, "era_home": 8.74, "era_away": 8.04, "hand": 0, "rest": 4}