{"era": 4.15, "whip": 1.38, "k_rate": 0.23556942277691106, "bb9": 3.665158371040724, "era_home": 4.06, "era_away": 4.29, "hand": 0, "rest": 4}