{"era": 4.56, "whip": 1.31, "k_rate": 0.19221967963386727, "bb9": 4.207792207792208, "era_home": 4.39, "era_away": 4.74, "hand": 0, "rest": 4}