{"era": 3.64, "whip": 1.17, "k_rate": 0.24339360222531292, "bb9": 2.41254752851711, "era_home": 3.15, "era_away": 4.25, "hand": 0, "rest": 4}