{"era": 6.79, "whip": 1.58, "k_rate": 0.1553030303030303, "bb9": 3.3184357541899443, "era_home": 3.82, "era_away": 11.1, "hand": 0, "rest": 4}