{"era": 2.28, "whip": 0.94, "k_rate": 0.2778904665314402, "bb9": 1.6385224274406334, "era_home": 2.39, "era_away": 2.17, "hand": 0, "rest": 4}