{"era": 4.34, "whip": 1.21, "k_rate": 0.20174165457184326, "bb9": 1.1524390243902438, "era_home": 3.71, "era_away": 5.05, "hand": 0, "rest": 4}