{"era": 8.23, "whip": 1.66, "k_rate": 0.10126582278481013, "bb9": 4.114285714285714, "era_home": 7.4, "era_away": 9.42, "hand": 0, "rest": 4}