{"era": 3.76, "whip": 1.27, "k_rate": 0.22268041237113403, "bb9": 3.365217391304348, "era_home": 2.82, "era_away": 5.24, "hand": 0, "rest": 4}