{"era": 4.04, "whip": 1.37, "k_rate": 0.24358974358974358, "bb9": 3.532710280373832, "era_home": 9.31, "era_away": 2.08, "hand": 0, "rest": 4}