{"era": 2.83, "whip": 1.08, "k_rate": 0.3017241379310345, "bb9": 1.8837209302325582, "era_home": 4.38, "era_away": 1.65, "hand": 0, "rest": 4}