{"era": 2.98, "whip": 1.18, "k_rate": 0.24102564102564103, "bb9": 2.852112676056338, "era_home": 2.11, "era_away": 3.79, "hand": 0, "rest": 4}