{"era": 3.22, "whip": 1.35, "k_rate": 0.24545454545454545, "bb9": 4.470198675496689, "era_home": 1.9, "era_away": 4.39, "hand": 0, "rest": 4}