{"era": 3.92, "whip": 1.17, "k_rate": 0.21810699588477367, "bb9": 2.7150837988826817, "era_home": 4.88, "era_away": 3.09, "hand": 0, "rest": 4}