{"era": 3.84, "whip": 1.32, "k_rate": 0.1368421052631579, "bb9": 3.501246882793018, "era_home": 3.28, "era_away": 4.48, "hand": 0, "rest": 4}