{"era": 1.35, "whip": 0.9, "k_rate": 0.38461538461538464, "bb9": 2.6999999999999997, "era_home": 1.35, "era_away": 1.35, "hand": 0, "rest": 4}