{"era": 3.08, "whip": 0.75, "k_rate": 0.42677824267782427, "bb9": 1.1191709844559585, "era_home": 2.52, "era_away": 3.77, "hand": 0, "rest": 4}