{"era": 4.98, "whip": 1.42, "k_rate": 0.17489421720733428, "bb9": 2.1024590163934427, "era_home": 5.75, "era_away": 4.37, "hand": 0, "rest": 4}