{"era": 3.77, "whip": 1.38, "k_rate": 0.21341463414634146, "bb9": 4.1266375545851535, "era_home": 4.62, "era_away": 2.89, "hand": 0, "rest": 4}