{"era": 5.94, "whip": 1.5, "k_rate": 0.1891891891891892, "bb9": 4.319999999999999, "era_home": 8.22, "era_away": 4.0, "hand": 0, "rest": 4}