{"era": 4.49, "whip": 1.34, "k_rate": 0.1994219653179191, "bb9": 2.8829568788501025, "era_home": 5.1, "era_away": 3.93, "hand": 0, "rest": 4}