{"era": 3.61, "whip": 1.08, "k_rate": 0.26937738246505716, "bb9": 1.828125, "era_home": 4.13, "era_away": 3.16, "hand": 0, "rest": 4}