{"era": 3.31, "whip": 1.24, "k_rate": 0.18097014925373134, "bb9": 4.143222506393862, "era_home": 3.0, "era_away": 3.52, "hand": 0, "rest": 4}