{"era": 2.16, "whip": 0.96, "k_rate": 0.2409288824383164, "bb9": 2.1085714285714285, "era_home": 2.43, "era_away": 1.94, "hand": 0, "rest": 4}