{"era": 3.81, "whip": 1.38, "k_rate": 0.15966386554621848, "bb9": 3.811764705882353, "era_home": 1.9, "era_away": 13.5, "hand": 0, "rest": 4}