{"era": 4.41, "whip": 1.27, "k_rate": 0.16326530612244897, "bb9": 2.855769230769231, "era_home": 3.55, "era_away": 4.91, "hand": 0, "rest": 4}