{"era": 5.45, "whip": 1.32, "k_rate": 0.24092409240924093, "bb9": 3.1690140845070425, "era_home": 7.49, "era_away": 3.62, "hand": 0, "rest": 4}