{"era": 7.16, "whip": 1.37, "k_rate": 0.20168067226890757, "bb9": 3.253012048192771, "era_home": 4.5, "era_away": 9.88, "hand": 0, "rest": 4}