{"era": 2.29, "whip": 1.08, "k_rate": 0.28793774319066145, "bb9": 2.4285714285714284, "era_home": 1.5, "era_away": 3.0, "hand": 0, "rest": 4}