{"era": 6.45, "whip": 1.61, "k_rate": 0.14285714285714285, "bb9": 4.432835820895523, "era_home": 6.91, "era_away": 5.63, "hand": 0, "rest": 4}