{"era": 6.17, "whip": 1.67, "k_rate": 0.12128712871287128, "bb9": 5.056179775280899, "era_home": 8.79, "era_away": 3.72, "hand": 0, "rest": 4}