{"era": 5.12, "whip": 1.27, "k_rate": 0.21301775147928995, "bb9": 2.793103448275862, "era_home": 4.02, "era_away": 5.87, "hand": 0, "rest": 4}