{"era": 3.58, "whip": 1.04, "k_rate": 0.27129337539432175, "bb9": 3.1153846153846154, "era_home": 4.34, "era_away": 2.51, "hand": 0, "rest": 4}