{"era": 2.84, "whip": 1.24, "k_rate": 0.21839080459770116, "bb9": 3.88715953307393, "era_home": 2.23, "era_away": 3.28, "hand": 0, "rest": 4}