{"era": 5.84, "whip": 1.53, "k_rate": 0.14563106796116504, "bb9": 4.153846153846154, "era_home": 4.12, "era_away": 8.1, "hand": 0, "rest": 4}