{"era": 3.49, "whip": 0.95, "k_rate": 0.3218390804597701, "bb9": 2.3507462686567164, "era_home": 3.6, "era_away": 3.33, "hand": 0, "rest": 4}