{"era": 5.25, "whip": 1.48, "k_rate": 0.16727272727272727, "bb9": 3.6486486486486487, "era_home": 4.46, "era_away": 6.26, "hand": 0, "rest": 4}