{"era": 2.63, "whip": 1.19, "k_rate": 0.18695652173913044, "bb9": 3.457317073170732, "era_home": 2.7, "era_away": 2.57, "hand": 0, "rest": 4}