{"era": 8.02, "whip": 2.08, "k_rate": 0.18823529411764706, "bb9": 5.079207920792079, "era_home": 8.76, "era_away": 7.59, "hand": 0, "rest": 4}