{"era": 2.98, "whip": 1.1, "k_rate": 0.2814070351758794, "bb9": 2.4206896551724135, "era_home": 3.68, "era_away": 2.39, "hand": 0, "rest": 4}