{"era": 4.38, "whip": 1.3, "k_rate": 0.14814814814814814, "bb9": 1.4594594594594594, "era_home": 0.0, "era_away": 5.79, "hand": 0, "rest": 4}