{"era": 2.95, "whip": 1.19, "k_rate": 0.2768595041322314, "bb9": 3.264875239923225, "era_home": 3.32, "era_away": 2.65, "hand": 0, "rest": 4}