{"era": 5.34, "whip": 1.44, "k_rate": 0.2918149466192171, "bb9": 4.921875, "era_home": 6.82, "era_away": 3.9, "hand": 0, "rest": 4}