{"era": 9.2, "whip": 2.06, "k_rate": 0.1485148514851485, "bb9": 4.598901098901099, "era_home": 6.45, "era_away": 13.7, "hand": 0, "rest": 4}