{"era": 5.35, "whip": 1.28, "k_rate": 0.16944444444444445, "bb9": 1.3106796116504855, "era_home": 6.16, "era_away": 4.63, "hand": 0, "rest": 4}