{"era": 6.05, "whip": 2.02, "k_rate": 0.14432989690721648, "bb9": 10.241379310344827, "era_home": 4.82, "era_away": 7.2, "hand": 0, "rest": 4}