{"era": 4.55, "whip": 1.33, "k_rate": 0.29778393351800553, "bb9": 3.8035714285714284, "era_home": 3.61, "era_away": 5.58, "hand": 0, "rest": 4}