{"era": 4.91, "whip": 1.42, "k_rate": 0.34394904458598724, "bb9": 3.681818181818182, "era_home": 5.79, "era_away": 4.0, "hand": 0, "rest": 4}