{"era": 4.24, "whip": 1.28, "k_rate": 0.20681265206812652, "bb9": 4.054607508532423, "era_home": 2.77, "era_away": 5.69, "hand": 0, "rest": 4}