{"era": 5.36, "whip": 1.35, "k_rate": 0.1837270341207349, "bb9": 1.6179775280898876, "era_home": 6.0, "era_away": 4.86, "hand": 0, "rest": 4}