{"era": 6.79, "whip": 1.54, "k_rate": 0.16342412451361868, "bb9": 3.1578947368421053, "era_home": 6.59, "era_away": 6.98, "hand": 0, "rest": 4}