{"era": 4.54, "whip": 1.26, "k_rate": 0.2214765100671141, "bb9": 4.289719626168225, "era_home": 5.09, "era_away": 4.0, "hand": 0, "rest": 4}