{"era": 3.86, "whip": 1.27, "k_rate": 0.25857142857142856, "bb9": 2.576540755467197, "era_home": 3.97, "era_away": 3.77, "hand": 0, "rest": 4}