{"era": 2.46, "whip": 1.06, "k_rate": 0.26195028680688337, "bb9": 2.7341772151898738, "era_home": 1.58, "era_away": 3.13, "hand": 0, "rest": 4}