{"era": 3.35, "whip": 0.93, "k_rate": 0.24528301886792453, "bb9": 0.6708074534161491, "era_home": 1.93, "era_away": 4.11, "hand": 0, "rest": 4}