{"era": 4.14, "whip": 1.19, "k_rate": 0.2619047619047619, "bb9": 2.884931506849315, "era_home": 2.87, "era_away": 5.81, "hand": 0, "rest": 4}