{"era": 8.86, "whip": 1.73, "k_rate": 0.21568627450980393, "bb9": 2.953125, "era_home": 6.3, "era_away": 11.12, "hand": 0, "rest": 4}