{"era": 6.63, "whip": 2.0, "k_rate": 0.18085106382978725, "bb9": 1.894736842105263, "era_home": 2.84, "era_away": 8.53, "hand": 0, "rest": 4}