{"era": 3.81, "whip": 1.25, "k_rate": 0.2170212765957447, "bb9": 2.8159509202453985, "era_home": 2.37, "era_away": 5.63, "hand": 0, "rest": 4}