{"era": 3.65, "whip": 1.22, "k_rate": 0.1503267973856209, "bb9": 2.918918918918919, "era_home": 2.65, "era_away": 4.5, "hand": 0, "rest": 4}