{"era": 7.04, "whip": 1.64, "k_rate": 0.16342412451361868, "bb9": 3.4363636363636365, "era_home": 6.75, "era_away": 7.4, "hand": 0, "rest": 4}