{"era": 8.1, "whip": 1.95, "k_rate": 0.12121212121212122, "bb9": 2.6999999999999997, "era_home": 9.0, "era_away": 7.94, "hand": 0, "rest": 4}