{"era": 3.29, "whip": 1.02, "k_rate": 0.3076923076923077, "bb9": 2.1558935361216727, "era_home": 2.89, "era_away": 3.68, "hand": 0, "rest": 4}