{"era": 4.6, "whip": 1.43, "k_rate": 0.18045112781954886, "bb9": 3.0681818181818183, "era_home": 5.03, "era_away": 3.72, "hand": 0, "rest": 4}