{"era": 5.4, "whip": 1.62, "k_rate": 0.14330218068535824, "bb9": 3.5162790697674415, "era_home": 5.45, "era_away": 5.35, "hand": 0, "rest": 4}