{"era": 6.31, "whip": 1.7, "k_rate": 0.17952314165497896, "bb9": 2.8886462882096073, "era_home": 5.17, "era_away": 7.75, "hand": 0, "rest": 4}