{"era": 3.49, "whip": 1.27, "k_rate": 0.25140449438202245, "bb9": 3.176470588235294, "era_home": 3.35, "era_away": 3.64, "hand": 0, "rest": 4}