{"era": 5.72, "whip": 1.66, "k_rate": 0.17857142857142858, "bb9": 4.255434782608695, "era_home": 6.59, "era_away": 4.96, "hand": 0, "rest": 4}