{"era": 5.56, "whip": 1.37, "k_rate": 0.17958412098298676, "bb9": 2.4545454545454546, "era_home": 5.25, "era_away": 5.98, "hand": 0, "rest": 4}