{"era": 4.46, "whip": 1.43, "k_rate": 0.17391304347826086, "bb9": 5.4495412844036695, "era_home": 4.38, "era_away": 4.5, "hand": 0, "rest": 4}