{"era": 4.21, "whip": 1.21, "k_rate": 0.25067385444743934, "bb9": 3.182509505703422, "era_home": 3.31, "era_away": 4.82, "hand": 0, "rest": 4}