{"era": 3.26, "whip": 0.99, "k_rate": 0.2182741116751269, "bb9": 1.8120805369127517, "era_home": 4.13, "era_away": 2.45, "hand": 0, "rest": 4}