{"era": 4.25, "whip": 1.14, "k_rate": 0.17966903073286053, "bb9": 2.430868167202572, "era_home": 4.79, "era_away": 3.81, "hand": 0, "rest": 4}