{"era": 3.71, "whip": 1.19, "k_rate": 0.2735483870967742, "bb9": 2.9523809523809526, "era_home": 3.02, "era_away": 4.69, "hand": 0, "rest": 4}