{"era": 4.39, "whip": 1.44, "k_rate": 0.24183006535947713, "bb9": 3.229665071770335, "era_home": 3.68, "era_away": 5.18, "hand": 0, "rest": 4}