{"era": 4.04, "whip": 1.27, "k_rate": 0.18552036199095023, "bb9": 2.6656050955414012, "era_home": 2.88, "era_away": 4.78, "hand": 0, "rest": 4}