{"era": 6.24, "whip": 1.54, "k_rate": 0.18359375, "bb9": 3.433526011560694, "era_home": 8.72, "era_away": 3.16, "hand": 0, "rest": 4}