{"era": 4.7, "whip": 1.41, "k_rate": 0.13725490196078433, "bb9": 2.5632911392405067, "era_home": 4.28, "era_away": 5.15, "hand": 0, "rest": 4}