{"era": 4.45, "whip": 1.26, "k_rate": 0.29554655870445345, "bb9": 3.681818181818182, "era_home": 5.53, "era_away": 3.48, "hand": 0, "rest": 4}