{"era": 3.1, "whip": 1.03, "k_rate": 0.20350877192982456, "bb9": 1.1381733021077283, "era_home": 4.0, "era_away": 2.18, "hand": 0, "rest": 4}