{"era": 3.65, "whip": 1.21, "k_rate": 0.24635761589403973, "bb9": 3.603290676416819, "era_home": 3.69, "era_away": 3.61, "hand": 0, "rest": 4}