{"era": 1.73, "whip": 0.85, "k_rate": 0.2600806451612903, "bb9": 1.4538461538461538, "era_home": 2.15, "era_away": 1.39, "hand": 0, "rest": 4}