{"era": 5.3, "whip": 1.39, "k_rate": 0.19293078055964655, "bb9": 2.9360341151385927, "era_home": 6.55, "era_away": 4.08, "hand": 0, "rest": 4}