{"era": 4.85, "whip": 1.49, "k_rate": 0.22549019607843138, "bb9": 4.718446601941747, "era_home": 4.05, "era_away": 5.97, "hand": 0, "rest": 4}