{"era": 4.18, "whip": 1.35, "k_rate": 0.2376237623762376, "bb9": 3.0422535211267605, "era_home": 2.92, "era_away": 5.56, "hand": 0, "rest": 4}