{"era": 4.53, "whip": 1.26, "k_rate": 0.22445255474452555, "bb9": 2.7209302325581395, "era_home": 4.62, "era_away": 4.46, "hand": 0, "rest": 4}