{"era": 4.73, "whip": 1.32, "k_rate": 0.19454770755885997, "bb9": 2.578125, "era_home": 4.97, "era_away": 4.57, "hand": 0, "rest": 4}