{"era": 4.04, "whip": 1.12, "k_rate": 0.20766773162939298, "bb9": 1.7841409691629955, "era_home": 1.73, "era_away": 6.88, "hand": 0, "rest": 4}