{"era": 6.98, "whip": 1.55, "k_rate": 0.17341040462427745, "bb9": 3.9568965517241383, "era_home": 6.64, "era_away": 7.36, "hand": 0, "rest": 4}