{"era": 5.1, "whip": 1.3, "k_rate": 0.19230769230769232, "bb9": 1.9066059225512528, "era_home": 5.12, "era_away": 5.09, "hand": 0, "rest": 4}