{"era": 2.88, "whip": 1.19, "k_rate": 0.24017467248908297, "bb9": 3.5147928994082838, "era_home": 3.77, "era_away": 1.95, "hand": 0, "rest": 4}