{"era": 4.97, "whip": 1.45, "k_rate": 0.22135416666666666, "bb9": 5.896551724137931, "era_home": 5.28, "era_away": 4.64, "hand": 0, "rest": 4}