{"era": 3.57, "whip": 1.2, "k_rate": 0.23178807947019867, "bb9": 2.214123006833713, "era_home": 3.66, "era_away": 3.5, "hand": 0, "rest": 4}