{"era": 3.8, "whip": 1.32, "k_rate": 0.1511879049676026, "bb9": 3.220183486238532, "era_home": 2.52, "era_away": 5.4, "hand": 0, "rest": 4}