{"era": 4.31, "whip": 1.32, "k_rate": 0.176056338028169, "bb9": 2.59746835443038, "era_home": 3.66, "era_away": 4.83, "hand": 0, "rest": 4}