{"era": 3.49, "whip": 1.23, "k_rate": 0.2611683848797251, "bb9": 3.3588516746411483, "era_home": 3.72, "era_away": 3.24, "hand": 0, "rest": 4}