{"era": 3.02, "whip": 1.31, "k_rate": 0.22614107883817428, "bb9": 4.36764705882353, "era_home": 3.36, "era_away": 2.65, "hand": 0, "rest": 4}