{"era": 4.7, "whip": 1.14, "k_rate": 0.3333333333333333, "bb9": 4.4021739130434785, "era_home": 6.11, "era_away": 2.77, "hand": 0, "rest": 4}