{"era": 2.87, "whip": 0.99, "k_rate": 0.2635228848821082, "bb9": 2.4770642201834865, "era_home": 2.36, "era_away": 3.55, "hand": 0, "rest": 4}