{"era": 5.48, "whip": 1.63, "k_rate": 0.19811320754716982, "bb9": 3.9130434782608696, "era_home": 4.43, "era_away": 6.46, "hand": 0, "rest": 4}