{"era": 4.18, "whip": 1.38, "k_rate": 0.2109090909090909, "bb9": 3.0618556701030926, "era_home": 3.75, "era_away": 4.71, "hand": 0, "rest": 4}