{"era": 4.89, "whip": 1.39, "k_rate": 0.22702702702702704, "bb9": 4.039370078740157, "era_home": 6.17, "era_away": 3.32, "hand": 0, "rest": 4}