{"era": 6.26, "whip": 1.57, "k_rate": 0.22429906542056074, "bb9": 3.5217391304347827, "era_home": 4.76, "era_away": 10.5, "hand": 0, "rest": 4}