{"era": 3.51, "whip": 1.14, "k_rate": 0.16702819956616052, "bb9": 2.4763313609467454, "era_home": 5.58, "era_away": 2.36, "hand": 0, "rest": 4}