{"era": 2.45, "whip": 0.74, "k_rate": 0.21710526315789475, "bb9": 0.8925619834710743, "era_home": 2.75, "era_away": 2.18, "hand": 0, "rest": 4}