{"era": 7.36, "whip": 1.83, "k_rate": 0.18253968253968253, "bb9": 5.961038961038961, "era_home": 11.17, "era_away": 5.06, "hand": 0, "rest": 4}