{"era": 5.24, "whip": 1.41, "k_rate": 0.17346938775510204, "bb9": 2.0647058823529414, "era_home": 4.45, "era_away": 5.98, "hand": 0, "rest": 4}