{"era": 4.67, "whip": 1.37, "k_rate": 0.25663716814159293, "bb9": 4.846153846153846, "era_home": 2.15, "era_away": 7.94, "hand": 0, "rest": 4}