{"era": 2.93, "whip": 1.5, "k_rate": 0.16666666666666666, "bb9": 5.869565217391304, "era_home": 4.05, "era_away": 2.08, "hand": 0, "rest": 4}