{"era": 2.67, "whip": 1.08, "k_rate": 0.20378151260504201, "bb9": 2.516949152542373, "era_home": 1.63, "era_away": 3.59, "hand": 0, "rest": 4}