{"era": 5.24, "whip": 1.46, "k_rate": 0.13063063063063063, "bb9": 3.160535117056856, "era_home": 5.67, "era_away": 4.95, "hand": 0, "rest": 4}