{"era": 3.99, "whip": 1.19, "k_rate": 0.09398496240601503, "bb9": 1.3775510204081634, "era_home": 3.91, "era_away": 4.04, "hand": 0, "rest": 4}