{"era": 3.83, "whip": 1.22, "k_rate": 0.21428571428571427, "bb9": 2.7845303867403315, "era_home": 5.02, "era_away": 2.51, "hand": 0, "rest": 4}