{"era": 3.53, "whip": 1.3, "k_rate": 0.18220338983050846, "bb9": 3.585513078470825, "era_home": 3.69, "era_away": 3.38, "hand": 0, "rest": 4}