{"era": 4.98, "whip": 1.4, "k_rate": 0.1938534278959811, "bb9": 2.7645051194539247, "era_home": 4.69, "era_away": 5.36, "hand": 0, "rest": 4}