{"era": 2.28, "whip": 0.98, "k_rate": 0.23363431151241534, "bb9": 1.967930029154519, "era_home": 1.64, "era_away": 3.01, "hand": 0, "rest": 4}