{"era": 2.76, "whip": 1.1, "k_rate": 0.22727272727272727, "bb9": 4.959183673469388, "era_home": 3.68, "era_away": 2.0, "hand": 0, "rest": 4}