{"era": 2.18, "whip": 1.06, "k_rate": 0.21428571428571427, "bb9": 4.354838709677419, "era_home": 0.96, "era_away": 3.18, "hand": 0, "rest": 4}