{"era": 2.72, "whip": 1.13, "k_rate": 0.27710843373493976, "bb9": 2.9495798319327733, "era_home": 2.25, "era_away": 3.2, "hand": 0, "rest": 4}