{"era": 4.61, "whip": 1.42, "k_rate": 0.18679245283018867, "bb9": 4.016528925619835, "era_home": 4.5, "era_away": 4.89, "hand": 0, "rest": 4}