{"era": 4.03, "whip": 1.24, "k_rate": 0.2276536312849162, "bb9": 3.182711198428291, "era_home": 3.29, "era_away": 4.88, "hand": 0, "rest": 4}