{"era": 8.29, "whip": 1.96, "k_rate": 0.1696969696969697, "bb9": 5.346534653465347, "era_home": 10.19, "era_away": 6.19, "hand": 0, "rest": 4}