{"era": 2.43, "whip": 1.03, "k_rate": 0.2825788751714678, "bb9": 2.7679856115107913, "era_home": 2.3, "era_away": 2.54, "hand": 0, "rest": 4}