{"era": 4.62, "whip": 1.13, "k_rate": 0.17834394904458598, "bb9": 2.076923076923077, "era_home": 3.44, "era_away": 5.66, "hand": 0, "rest": 4}