{"era": 3.16, "whip": 1.18, "k_rate": 0.3106159895150721, "bb9": 2.675675675675676, "era_home": 3.07, "era_away": 3.27, "hand": 0, "rest": 4}