{"era": 3.05, "whip": 1.14, "k_rate": 0.24310776942355888, "bb9": 1.9417808219178083, "era_home": 3.04, "era_away": 3.07, "hand": 0, "rest": 4}