{"era": 3.47, "whip": 1.02, "k_rate": 0.30327868852459017, "bb9": 2.7150837988826817, "era_home": 3.44, "era_away": 3.51, "hand": 0, "rest": 4}