{"era": 8.36, "whip": 2.14, "k_rate": 0.2876712328767123, "bb9": 6.428571428571429, "era_home": 6.75, "era_away": 9.82, "hand": 0, "rest": 4}