{"era": 4.18, "whip": 1.21, "k_rate": 0.1778846153846154, "bb9": 2.764705882352941, "era_home": 3.77, "era_away": 4.7, "hand": 0, "rest": 4}