{"era": 5.48, "whip": 1.36, "k_rate": 0.17434210526315788, "bb9": 3.183962264150943, "era_home": 5.21, "era_away": 5.79, "hand": 0, "rest": 4}