{"era": 4.14, "whip": 1.13, "k_rate": 0.28907563025210087, "bb9": 2.2242562929061784, "era_home": 3.86, "era_away": 4.42, "hand": 0, "rest": 4}