{"era": 2.08, "whip": 1.15, "k_rate": 0.2323943661971831, "bb9": 3.634615384615385, "era_home": 0.86, "era_away": 3.95, "hand": 0, "rest": 4}