{"era": 3.99, "whip": 1.12, "k_rate": 0.24407582938388625, "bb9": 2.864951768488746, "era_home": 4.29, "era_away": 3.49, "hand": 0, "rest": 4}