{"era": 4.66, "whip": 1.29, "k_rate": 0.18670886075949367, "bb9": 2.508849557522124, "era_home": 2.75, "era_away": 6.41, "hand": 0, "rest": 4}