{"era": 4.75, "whip": 1.42, "k_rate": 0.1950207468879668, "bb9": 3.109090909090909, "era_home": 3.98, "era_away": 5.79, "hand": 0, "rest": 4}