{"era": 4.5, "whip": 1.48, "k_rate": 0.23008849557522124, "bb9": 4.846153846153846, "era_home": 4.03, "era_away": 5.09, "hand": 0, "rest": 4}