{"era": 2.93, "whip": 1.08, "k_rate": 0.24864864864864866, "bb9": 2.088397790055249, "era_home": 2.86, "era_away": 3.01, "hand": 0, "rest": 4}