{"era": 5.03, "whip": 1.57, "k_rate": 0.2601626016260163, "bb9": 4.054054054054054, "era_home": 2.79, "era_away": 7.47, "hand": 0, "rest": 4}