{"era": 4.64, "whip": 1.28, "k_rate": 0.27606461086637296, "bb9": 3.298136645962733, "era_home": 4.18, "era_away": 5.27, "hand": 0, "rest": 4}