{"era": 7.49, "whip": 1.66, "k_rate": 0.1962025316455696, "bb9": 4.544554455445545, "era_home": 7.71, "era_away": 7.11, "hand": 0, "rest": 4}