{"era": 2.79, "whip": 1.15, "k_rate": 0.2427055702917772, "bb9": 2.6902173913043477, "era_home": 2.67, "era_away": 2.92, "hand": 0, "rest": 4}