{"era": 3.81, "whip": 1.1, "k_rate": 0.1712779973649539, "bb9": 1.542857142857143, "era_home": 3.66, "era_away": 3.92, "hand": 0, "rest": 4}