{"era": 1.78, "whip": 0.99, "k_rate": 0.3333333333333333, "bb9": 2.8421052631578947, "era_home": 0.82, "era_away": 2.51, "hand": 0, "rest": 4}