{"era": 2.28, "whip": 0.82, "k_rate": 0.2924901185770751, "bb9": 2.014925373134328, "era_home": 1.15, "era_away": 3.28, "hand": 0, "rest": 4}