{"era": 3.52, "whip": 1.11, "k_rate": 0.2232620320855615, "bb9": 2.347826086956522, "era_home": 3.4, "era_away": 3.66, "hand": 0, "rest": 4}