{"era": 6.67, "whip": 1.63, "k_rate": 0.20161290322580644, "bb9": 4.666666666666667, "era_home": 10.61, "era_away": 4.58, "hand": 0, "rest": 4}