{"era": 3.59, "whip": 1.15, "k_rate": 0.195906432748538, "bb9": 1.3064516129032258, "era_home": 2.66, "era_away": 4.24, "hand": 0, "rest": 4}