{"era": 2.86, "whip": 1.06, "k_rate": 0.2773109243697479, "bb9": 3.1764705882352944, "era_home": 0.77, "era_away": 4.32, "hand": 0, "rest": 4}