{"era": 3.99, "whip": 1.13, "k_rate": 0.2421875, "bb9": 1.4054794520547944, "era_home": 4.05, "era_away": 3.95, "hand": 0, "rest": 4}