{"era": 6.5, "whip": 1.39, "k_rate": 0.1432225063938619, "bb9": 1.9285714285714284, "era_home": 4.5, "era_away": 9.08, "hand": 0, "rest": 4}