{"era": 3.31, "whip": 1.07, "k_rate": 0.23564954682779457, "bb9": 2.424489795918367, "era_home": 3.64, "era_away": 2.63, "hand": 0, "rest": 4}