{"era": 8.15, "whip": 1.75, "k_rate": 0.3132530120481928, "bb9": 4.584905660377358, "era_home": 12.96, "era_away": 3.86, "hand": 0, "rest": 4}