{"era": 2.25, "whip": 1.0, "k_rate": 0.19886363636363635, "bb9": 2.8636363636363638, "era_home": 2.13, "era_away": 2.41, "hand": 0, "rest": 4}