{"era": 3.0, "whip": 1.09, "k_rate": 0.21650717703349281, "bb9": 2.0903225806451613, "era_home": 3.36, "era_away": 2.62, "hand": 0, "rest": 4}