{"era": 6.95, "whip": 1.66, "k_rate": 0.18471337579617833, "bb9": 4.2772277227722775, "era_home": 7.9, "era_away": 5.91, "hand": 0, "rest": 4}