{"era": 4.56, "whip": 1.3, "k_rate": 0.2456445993031359, "bb9": 2.8386308068459654, "era_home": 4.36, "era_away": 4.8, "hand": 0, "rest": 4}