{"era": 3.47, "whip": 1.29, "k_rate": 0.21205357142857142, "bb9": 3.470219435736677, "era_home": 3.83, "era_away": 3.06, "hand": 0, "rest": 4}