{"era": 3.42, "whip": 1.14, "k_rate": 0.22416107382550335, "bb9": 2.4275229357798165, "era_home": 2.95, "era_away": 4.0, "hand": 0, "rest": 4}