{"era": 3.19, "whip": 1.1, "k_rate": 0.2896174863387978, "bb9": 4.284132841328414, "era_home": 2.77, "era_away": 4.08, "hand": 0, "rest": 4}