{"era": 3.99, "whip": 1.42, "k_rate": 0.22538860103626943, "bb9": 3.7345794392523364, "era_home": 2.93, "era_away": 5.04, "hand": 0, "rest": 4}