{"era": 3.15, "whip": 1.13, "k_rate": 0.2887700534759358, "bb9": 3.0547445255474455, "era_home": 1.97, "era_away": 4.34, "hand": 0, "rest": 4}