{"era": 3.27, "whip": 1.13, "k_rate": 0.18518518518518517, "bb9": 1.7963709677419353, "era_home": 2.18, "era_away": 4.58, "hand": 0, "rest": 4}