{"era": 4.34, "whip": 1.4, "k_rate": 0.20361990950226244, "bb9": 2.7442622950819673, "era_home": 4.3, "era_away": 4.38, "hand": 0, "rest": 4}