{"era": 6.23, "whip": 1.54, "k_rate": 0.14857142857142858, "bb9": 3.6923076923076925, "era_home": 7.13, "era_away": 4.8, "hand": 0, "rest": 4}