{"era": 5.95, "whip": 1.49, "k_rate": 0.24479166666666666, "bb9": 4.464566929133858, "era_home": 5.01, "era_away": 7.11, "hand": 0, "rest": 4}