{"era": 5.79, "whip": 1.61, "k_rate": 0.24242424242424243, "bb9": 5.303571428571429, "era_home": 4.59, "era_away": 7.54, "hand": 0, "rest": 4}