{"era": 4.43, "whip": 1.35, "k_rate": 0.1977401129943503, "bb9": 2.2131147540983607, "era_home": 5.16, "era_away": 3.5, "hand": 0, "rest": 4}