{"era": 6.59, "whip": 1.57, "k_rate": 0.18604651162790697, "bb9": 3.7674418604651163, "era_home": 6.88, "era_away": 6.17, "hand": 0, "rest": 4}