{"era": 4.5, "whip": 1.47, "k_rate": 0.23300970873786409, "bb9": 4.757142857142857, "era_home": 5.67, "era_away": 3.44, "hand": 0, "rest": 4}