{"era": 3.0, "whip": 1.17, "k_rate": 0.22319859402460457, "bb9": 2.347826086956522, "era_home": 2.86, "era_away": 3.15, "hand": 0, "rest": 4}