{"era": 6.32, "whip": 1.67, "k_rate": 0.18359375, "bb9": 4.578947368421052, "era_home": 7.33, "era_away": 5.61, "hand": 0, "rest": 4}