{"era": 3.23, "whip": 1.14, "k_rate": 0.24154589371980675, "bb9": 2.0543478260869565, "era_home": 2.76, "era_away": 3.99, "hand": 0, "rest": 4}