{"era": 3.04, "whip": 0.97, "k_rate": 0.13043478260869565, "bb9": 3.4225352112676055, "era_home": 2.61, "era_away": 3.38, "hand": 0, "rest": 4}