{"era": 4.91, "whip": 1.21, "k_rate": 0.35125448028673834, "bb9": 3.8181818181818183, "era_home": 5.63, "era_away": 4.24, "hand": 0, "rest": 4}