{"era": 1.33, "whip": 1.18, "k_rate": 0.2222222222222222, "bb9": 3.9836065573770494, "era_home": 0.0, "era_away": 2.61, "hand": 0, "rest": 4}