{"era": 4.53, "whip": 1.41, "k_rate": 0.17101827676240208, "bb9": 2.730916030534351, "era_home": 6.0, "era_away": 3.08, "hand": 0, "rest": 4}