{"era": 7.09, "whip": 1.71, "k_rate": 0.16037735849056603, "bb9": 3.3503649635036497, "era_home": 5.19, "era_away": 9.61, "hand": 0, "rest": 4}