{"era": 4.24, "whip": 1.34, "k_rate": 0.19760479041916168, "bb9": 2.5796178343949046, "era_home": 3.86, "era_away": 4.66, "hand": 0, "rest": 4}