{"era": 4.42, "whip": 1.29, "k_rate": 0.20502092050209206, "bb9": 2.0089285714285716, "era_home": 4.21, "era_away": 4.64, "hand": 0, "rest": 4}