{"era": 5.19, "whip": 1.29, "k_rate": 0.22905027932960895, "bb9": 2.4352941176470586, "era_home": 4.68, "era_away": 5.91, "hand": 0, "rest": 4}