{"era": 2.9, "whip": 1.16, "k_rate": 0.2071156289707751, "bb9": 2.2928942807625647, "era_home": 2.91, "era_away": 2.89, "hand": 0, "rest": 4}