{"era": 5.87, "whip": 1.57, "k_rate": 0.19310344827586207, "bb9": 3.8152173913043477, "era_home": 6.62, "era_away": 4.85, "hand": 0, "rest": 4}