{"era": 3.18, "whip": 1.11, "k_rate": 0.23943661971830985, "bb9": 2.235668789808917, "era_home": 3.3, "era_away": 3.1, "hand": 0, "rest": 4}