{"era": 4.36, "whip": 1.3, "k_rate": 0.216255442670537, "bb9": 2.906832298136646, "era_home": 3.35, "era_away": 5.78, "hand": 0, "rest": 4}