{"era": 4.67, "whip": 1.18, "k_rate": 0.38132295719844356, "bb9": 2.918918918918919, "era_home": 4.96, "era_away": 4.34, "hand": 0, "rest": 4}