{"era": 4.64, "whip": 1.05, "k_rate": 0.16279069767441862, "bb9": 1.4765625, "era_home": 6.62, "era_away": 3.24, "hand": 0, "rest": 4}