{"era": 3.47, "whip": 1.19, "k_rate": 0.203579418344519, "bb9": 2.200626959247649, "era_home": 2.42, "era_away": 4.23, "hand": 0, "rest": 4}