{"era": 4.56, "whip": 1.27, "k_rate": 0.2314410480349345, "bb9": 3.4444444444444446, "era_home": 3.71, "era_away": 5.17, "hand": 0, "rest": 4}