{"era": 3.53, "whip": 1.23, "k_rate": 0.25817555938037867, "bb9": 3.1380145278450366, "era_home": 2.72, "era_away": 4.63, "hand": 0, "rest": 4}