{"era": 5.74, "whip": 1.46, "k_rate": 0.1951219512195122, "bb9": 3.217616580310881, "era_home": 2.43, "era_away": 9.29, "hand": 0, "rest": 4}