{"era": 3.66, "whip": 1.04, "k_rate": 0.20512820512820512, "bb9": 1.944915254237288, "era_home": 3.73, "era_away": 3.58, "hand": 0, "rest": 4}