{"era": 4.04, "whip": 1.43, "k_rate": 0.1282051282051282, "bb9": 2.2710280373831777, "era_home": 4.19, "era_away": 3.86, "hand": 0, "rest": 4}