{"era": 4.27, "whip": 1.3, "k_rate": 0.20722433460076045, "bb9": 2.6782841823056303, "era_home": 4.81, "era_away": 3.8, "hand": 0, "rest": 4}