{"era": 2.7, "whip": 1.08, "k_rate": 0.2821576763485477, "bb9": 3.3622641509433966, "era_home": 1.77, "era_away": 3.71, "hand": 0, "rest": 4}