{"era": 14.54, "whip": 1.85, "k_rate": 0.2608695652173913, "bb9": 4.153846153846154, "era_home": 14.54, "era_away": 14.54, "hand": 0, "rest": 4}