{"era": 4.38, "whip": 1.31, "k_rate": 0.1882673942701228, "bb9": 3.700772200772201, "era_home": 3.55, "era_away": 5.25, "hand": 0, "rest": 4}