{"era": 5.02, "whip": 1.6, "k_rate": 0.2233502538071066, "bb9": 4.395348837209302, "era_home": 3.72, "era_away": 6.08, "hand": 0, "rest": 4}