{"era": 3.18, "whip": 1.35, "k_rate": 0.24609375, "bb9": 3.7815126050420167, "era_home": 2.78, "era_away": 3.78, "hand": 0, "rest": 4}