{"era": 3.47, "whip": 1.07, "k_rate": 0.29396325459317585, "bb9": 3.089788732394366, "era_home": 3.03, "era_away": 3.83, "hand": 0, "rest": 4}