{"era": 2.2, "whip": 1.11, "k_rate": 0.3038821954484605, "bb9": 3.8152173913043477, "era_home": 2.35, "era_away": 2.0, "hand": 0, "rest": 4}