{"era": 5.82, "whip": 1.49, "k_rate": 0.18454935622317598, "bb9": 3.2990353697749195, "era_home": 4.45, "era_away": 6.43, "hand": 0, "rest": 4}