{"era": 3.64, "whip": 0.99, "k_rate": 0.24893617021276596, "bb9": 2.5786516853932584, "era_home": 3.39, "era_away": 3.93, "hand": 0, "rest": 4}