{"era": 3.31, "whip": 1.33, "k_rate": 0.3391304347826087, "bb9": 4.141104294478527, "era_home": 3.49, "era_away": 3.12, "hand": 0, "rest": 4}