{"era": 4.22, "whip": 1.44, "k_rate": 0.2231543624161074, "bb9": 4.220843672456575, "era_home": 3.96, "era_away": 4.58, "hand": 0, "rest": 4}