{"era": 4.56, "whip": 1.34, "k_rate": 0.22180451127819548, "bb9": 3.0402144772117965, "era_home": 4.14, "era_away": 4.99, "hand": 0, "rest": 4}