{"era": 4.88, "whip": 1.55, "k_rate": 0.18699186991869918, "bb9": 3.903614457831325, "era_home": 5.82, "era_away": 3.38, "hand": 0, "rest": 4}