{"era": 4.51, "whip": 1.17, "k_rate": 0.2931547619047619, "bb9": 1.8927835051546393, "era_home": 3.83, "era_away": 5.22, "hand": 0, "rest": 4}