{"era": 3.8, "whip": 1.48, "k_rate": 0.21428571428571427, "bb9": 3.796875, "era_home": 2.63, "era_away": 4.76, "hand": 0, "rest": 4}