{"era": 4.23, "whip": 1.03, "k_rate": 0.16964285714285715, "bb9": 1.463855421686747, "era_home": 3.03, "era_away": 5.96, "hand": 0, "rest": 4}