{"era": 1.97, "whip": 0.95, "k_rate": 0.2946793997271487, "bb9": 2.0142095914742453, "era_home": 1.77, "era_away": 2.15, "hand": 0, "rest": 4}