{"era": 3.73, "whip": 0.99, "k_rate": 0.20634920634920634, "bb9": 1.6175115207373274, "era_home": 4.04, "era_away": 3.44, "hand": 0, "rest": 4}