{"era": 1.71, "whip": 0.9, "k_rate": 0.25766871165644173, "bb9": 4.071428571428571, "era_home": 1.82, "era_away": 1.56, "hand": 0, "rest": 4}