{"era": 2.54, "whip": 0.95, "k_rate": 0.3316239316239316, "bb9": 3.1479820627802693, "era_home": 2.26, "era_away": 2.84, "hand": 0, "rest": 4}