{"era": 2.97, "whip": 0.92, "k_rate": 0.2765321375186846, "bb9": 1.9285714285714286, "era_home": 2.35, "era_away": 3.61, "hand": 0, "rest": 4}