{"era": 2.94, "whip": 0.93, "k_rate": 0.2708618331053352, "bb9": 1.7357142857142858, "era_home": 2.44, "era_away": 3.4, "hand": 0, "rest": 4}