{"era": 3.86, "whip": 1.22, "k_rate": 0.25555555555555554, "bb9": 3.451127819548872, "era_home": 3.2, "era_away": 4.74, "hand": 0, "rest": 4}