{"era": 3.86, "whip": 1.28, "k_rate": 0.22910216718266255, "bb9": 3.975824175824176, "era_home": 3.49, "era_away": 4.24, "hand": 0, "rest": 4}