{"era": 4.8, "whip": 1.49, "k_rate": 0.22818791946308725, "bb9": 5.071065989847716, "era_home": 4.28, "era_away": 5.34, "hand": 0, "rest": 4}