{"era": 3.2, "whip": 1.19, "k_rate": 0.21364221364221364, "bb9": 2.2897526501766787, "era_home": 3.61, "era_away": 2.73, "hand": 0, "rest": 4}