{"era": 4.36, "whip": 1.38, "k_rate": 0.2513089005235602, "bb9": 4.263157894736842, "era_home": 3.38, "era_away": 5.18, "hand": 0, "rest": 4}