{"era": 2.48, "whip": 0.91, "k_rate": 0.23684210526315788, "bb9": 1.9565217391304348, "era_home": 2.8, "era_away": 2.14, "hand": 0, "rest": 4}