{"era": 3.97, "whip": 1.33, "k_rate": 0.23565891472868217, "bb9": 2.4276315789473686, "era_home": 3.56, "era_away": 4.57, "hand": 0, "rest": 4}