{"era": 4.33, "whip": 1.15, "k_rate": 0.18018018018018017, "bb9": 1.3333333333333333, "era_home": 4.6, "era_away": 3.97, "hand": 0, "rest": 4}