{"era": 2.54, "whip": 0.91, "k_rate": 0.2689075630252101, "bb9": 2.2989130434782608, "era_home": 2.49, "era_away": 2.59, "hand": 0, "rest": 4}