{"era": 4.73, "whip": 1.42, "k_rate": 0.23859649122807017, "bb9": 2.783505154639175, "era_home": 3.96, "era_away": 5.88, "hand": 0, "rest": 4}