{"era": 4.7, "whip": 1.58, "k_rate": 0.18518518518518517, "bb9": 4.1319261213720315, "era_home": 3.19, "era_away": 6.79, "hand": 0, "rest": 4}