{"era": 4.19, "whip": 1.26, "k_rate": 0.20026702269692923, "bb9": 2.603024574669187, "era_home": 4.33, "era_away": 4.02, "hand": 0, "rest": 4}