{"era": 5.19, "whip": 1.33, "k_rate": 0.18493150684931506, "bb9": 3.1153846153846154, "era_home": 4.43, "era_away": 6.57, "hand": 0, "rest": 4}