{"era": 2.21, "whip": 0.89, "k_rate": 0.32219251336898397, "bb9": 1.5204778156996586, "era_home": 2.13, "era_away": 2.3, "hand": 0, "rest": 4}