{"era": 5.4, "whip": 1.39, "k_rate": 0.1444141689373297, "bb9": 2.8588235294117648, "era_home": 6.56, "era_away": 4.56, "hand": 0, "rest": 4}