{"era": 6.94, "whip": 1.7, "k_rate": 0.10909090909090909, "bb9": 2.2710280373831777, "era_home": 6.27, "era_away": 8.69, "hand": 0, "rest": 4}