{"era": 3.72, "whip": 1.13, "k_rate": 0.24416796267496113, "bb9": 2.6885593220338984, "era_home": 4.46, "era_away": 2.85, "hand": 0, "rest": 4}