{"era": 5.26, "whip": 1.78, "k_rate": 0.1774193548387097, "bb9": 4.347457627118644, "era_home": 5.96, "era_away": 4.32, "hand": 0, "rest": 4}