{"era": 4.99, "whip": 1.21, "k_rate": 0.22178988326848248, "bb9": 3.2282608695652173, "era_home": 5.94, "era_away": 3.86, "hand": 0, "rest": 4}