{"era": 7.97, "whip": 1.63, "k_rate": 0.15568862275449102, "bb9": 2.3142857142857145, "era_home": 12.1, "era_away": 2.87, "hand": 0, "rest": 4}