{"era": 5.04, "whip": 1.32, "k_rate": 0.2006861063464837, "bb9": 2.388206388206388, "era_home": 5.09, "era_away": 5.0, "hand": 0, "rest": 4}