{"era": 3.06, "whip": 1.06, "k_rate": 0.21630094043887146, "bb9": 3.063025210084034, "era_home": 3.31, "era_away": 2.86, "hand": 0, "rest": 4}