{"era": 2.31, "whip": 0.81, "k_rate": 0.2605633802816901, "bb9": 2.4324324324324325, "era_home": 3.32, "era_away": 1.08, "hand": 0, "rest": 4}