{"era": 4.29, "whip": 1.26, "k_rate": 0.18907563025210083, "bb9": 2.308151093439364, "era_home": 4.16, "era_away": 4.46, "hand": 0, "rest": 4}