{"era": 2.55, "whip": 1.07, "k_rate": 0.2687074829931973, "bb9": 4.621621621621622, "era_home": 2.22, "era_away": 3.2, "hand": 0, "rest": 4}