{"era": 7.04, "whip": 1.75, "k_rate": 0.16483516483516483, "bb9": 4.226086956521739, "era_home": 9.37, "era_away": 5.32, "hand": 0, "rest": 4}