{"era": 2.84, "whip": 1.04, "k_rate": 0.21404109589041095, "bb9": 1.9109589041095891, "era_home": 2.24, "era_away": 3.49, "hand": 0, "rest": 4}