{"era": 3.97, "whip": 1.34, "k_rate": 0.178743961352657, "bb9": 3.3986013986013988, "era_home": 6.2, "era_away": 1.57, "hand": 0, "rest": 4}