{"era": 5.4, "whip": 1.29, "k_rate": 0.17204301075268819, "bb9": 2.0769230769230766, "era_home": 3.97, "era_away": 6.97, "hand": 0, "rest": 4}