{"era": 2.35, "whip": 1.26, "k_rate": 0.28346456692913385, "bb9": 3.8152173913043477, "era_home": 1.17, "era_away": 4.3, "hand": 0, "rest": 4}