{"era": 5.33, "whip": 1.37, "k_rate": 0.21367521367521367, "bb9": 5.666666666666667, "era_home": 3.95, "era_away": 6.75, "hand": 0, "rest": 4}