{"era": 2.91, "whip": 0.88, "k_rate": 0.21951219512195122, "bb9": 0.8307692307692307, "era_home": 3.38, "era_away": 2.45, "hand": 0, "rest": 4}