{"era": 3.25, "whip": 0.96, "k_rate": 0.29120198265179675, "bb9": 1.273170731707317, "era_home": 3.53, "era_away": 3.0, "hand": 0, "rest": 4}