{"era": 5.35, "whip": 1.42, "k_rate": 0.1987179487179487, "bb9": 5.094339622641509, "era_home": 2.08, "era_away": 8.5, "hand": 0, "rest": 4}