{"era": 4.97, "whip": 1.42, "k_rate": 0.17857142857142858, "bb9": 2.8421052631578947, "era_home": 5.63, "era_away": 3.86, "hand": 0, "rest": 4}