{"era": 8.83, "whip": 1.71, "k_rate": 0.1791907514450867, "bb9": 4.289719626168225, "era_home": 10.8, "era_away": 7.11, "hand": 0, "rest": 4}