{"era": 3.86, "whip": 1.33, "k_rate": 0.2182628062360802, "bb9": 2.742857142857143, "era_home": 3.19, "era_away": 4.56, "hand": 0, "rest": 4}