{"era": 7.52, "whip": 1.65, "k_rate": 0.1642156862745098, "bb9": 2.885496183206107, "era_home": 7.15, "era_away": 8.03, "hand": 0, "rest": 4}