{"era": 3.32, "whip": 1.11, "k_rate": 0.19244604316546762, "bb9": 2.7862407862407865, "era_home": 3.72, "era_away": 2.86, "hand": 0, "rest": 4}