{"era": 5.22, "whip": 1.33, "k_rate": 0.21176470588235294, "bb9": 4.295454545454546, "era_home": 5.52, "era_away": 4.88, "hand": 0, "rest": 4}