{"era": 4.06, "whip": 1.41, "k_rate": 0.24778761061946902, "bb9": 3.8823529411764706, "era_home": 2.73, "era_away": 5.91, "hand": 0, "rest": 4}