{"era": 7.0, "whip": 1.66, "k_rate": 0.1909814323607427, "bb9": 4.2631578947368425, "era_home": 6.27, "era_away": 8.54, "hand": 0, "rest": 4}