{"era": 7.6, "whip": 1.89, "k_rate": 0.09146341463414634, "bb9": 3.145631067961165, "era_home": 9.31, "era_away": 5.4, "hand": 0, "rest": 4}