{"era": 3.21, "whip": 1.09, "k_rate": 0.21448467966573817, "bb9": 2.103896103896104, "era_home": 2.51, "era_away": 3.9, "hand": 0, "rest": 4}