{"era": 5.86, "whip": 1.5, "k_rate": 0.2033898305084746, "bb9": 3.730263157894737, "era_home": 8.54, "era_away": 2.96, "hand": 0, "rest": 4}