{"era": 3.25, "whip": 1.07, "k_rate": 0.22823529411764706, "bb9": 1.2916666666666667, "era_home": 2.26, "era_away": 4.31, "hand": 0, "rest": 4}