{"era": 4.78, "whip": 1.44, "k_rate": 0.2198581560283688, "bb9": 1.96875, "era_home": 2.45, "era_away": 6.75, "hand": 0, "rest": 4}