{"era": 5.93, "whip": 1.68, "k_rate": 0.296875, "bb9": 3.951219512195122, "era_home": 7.2, "era_away": 5.19, "hand": 0, "rest": 4}