{"era": 2.19, "whip": 0.78, "k_rate": 0.2175141242937853, "bb9": 1.6219081272084805, "era_home": 3.02, "era_away": 1.54, "hand": 0, "rest": 4}