{"era": 5.67, "whip": 1.48, "k_rate": 0.2141280353200883, "bb9": 3.1868852459016392, "era_home": 6.89, "era_away": 3.34, "hand": 0, "rest": 4}