{"era": 7.78, "whip": 1.68, "k_rate": 0.18888888888888888, "bb9": 3.661016949152542, "era_home": 9.77, "era_away": 0.0, "hand": 0, "rest": 4}