{"era": 5.31, "whip": 1.44, "k_rate": 0.2161520190023753, "bb9": 3.789473684210526, "era_home": 5.16, "era_away": 5.44, "hand": 0, "rest": 4}