{"era": 4.17, "whip": 1.57, "k_rate": 0.23671497584541062, "bb9": 5.161764705882352, "era_home": 4.15, "era_away": 4.19, "hand": 0, "rest": 4}