{"era": 6.01, "whip": 1.54, "k_rate": 0.12860892388451445, "bb9": 2.3203125, "era_home": 7.02, "era_away": 5.02, "hand": 0, "rest": 4}