{"era": 3.73, "whip": 1.3, "k_rate": 0.2393026941362916, "bb9": 2.585746102449889, "era_home": 2.68, "era_away": 5.2, "hand": 0, "rest": 4}