{"era": 4.56, "whip": 1.41, "k_rate": 0.17362270450751252, "bb9": 3.7628361858190704, "era_home": 3.8, "era_away": 5.32, "hand": 0, "rest": 4}