{"era": 0.0, "whip": 0.49, "k_rate": 0.29069767441860467, "bb9": 1.8493150684931507, "era_home": 0.0, "era_away": 0.0, "hand": 0, "rest": 4}