{"era": 6.51, "whip": 1.81, "k_rate": 0.22262773722627738, "bb9": 6.343373493975903, "era_home": 11.63, "era_away": 2.59, "hand": 0, "rest": 4}