{"era": 1.54, "whip": 1.11, "k_rate": 0.1702127659574468, "bb9": 2.3142857142857145, "era_home": 0.0, "era_away": 2.35, "hand": 0, "rest": 4}