{"era": 5.62, "whip": 1.5, "k_rate": 0.18193717277486912, "bb9": 2.7824427480916034, "era_home": 4.55, "era_away": 6.78, "hand": 0, "rest": 4}