{"era": 20.77, "whip": 2.54, "k_rate": 0.14814814814814814, "bb9": 2.076923076923077, "era_home": 20.77, "era_away": 20.77, "hand": 0, "rest": 4}