{"era": 6.23, "whip": 1.51, "k_rate": 0.22413793103448276, "bb9": 3.6923076923076925, "era_home": 8.69, "era_away": 3.72, "hand": 0, "rest": 4}