{"era": 3.82, "whip": 1.48, "k_rate": 0.19863013698630136, "bb9": 3.8181818181818183, "era_home": 3.91, "era_away": 3.6, "hand": 0, "rest": 4}