{"era": 2.29, "whip": 0.91, "k_rate": 0.30619469026548674, "bb9": 1.4862385321100917, "era_home": 1.67, "era_away": 2.79, "hand": 0, "rest": 4}