{"era": 3.14, "whip": 1.26, "k_rate": 0.19196428571428573, "bb9": 4.529032258064516, "era_home": 3.49, "era_away": 2.7, "hand": 0, "rest": 4}