{"era": 6.29, "whip": 1.63, "k_rate": 0.18471337579617833, "bb9": 5.242718446601941, "era_home": 4.5, "era_away": 8.79, "hand": 0, "rest": 4}