{"era": 4.48, "whip": 1.42, "k_rate": 0.2508710801393728, "bb9": 3.391959798994975, "era_home": 3.57, "era_away": 5.88, "hand": 0, "rest": 4}