{"era": 3.61, "whip": 1.25, "k_rate": 0.20114942528735633, "bb9": 3.826771653543307, "era_home": 2.31, "era_away": 5.21, "hand": 0, "rest": 4}