{"era": 2.64, "whip": 1.22, "k_rate": 0.28870292887029286, "bb9": 4.0344827586206895, "era_home": 2.54, "era_away": 2.73, "hand": 0, "rest": 4}