{"era": 5.42, "whip": 1.42, "k_rate": 0.17204301075268819, "bb9": 3.44015444015444, "era_home": 4.21, "era_away": 7.2, "hand": 0, "rest": 4}