{"era": 15.19, "whip": 2.91, "k_rate": 0.078125, "bb9": 5.90625, "era_home": 13.5, "era_away": 16.2, "hand": 0, "rest": 4}