{"era": 3.81, "whip": 1.29, "k_rate": 0.18562091503267975, "bb9": 3.6635687732342004, "era_home": 4.81, "era_away": 2.77, "hand": 0, "rest": 4}