{"era": 3.81, "whip": 1.23, "k_rate": 0.19811320754716982, "bb9": 2.076923076923077, "era_home": 4.22, "era_away": 3.52, "hand": 0, "rest": 4}