{"era": 4.52, "whip": 1.29, "k_rate": 0.18213058419243985, "bb9": 2.394088669950739, "era_home": 4.71, "era_away": 4.31, "hand": 0, "rest": 4}