{"era": 4.43, "whip": 1.54, "k_rate": 0.22413793103448276, "bb9": 3.733118971061093, "era_home": 3.57, "era_away": 5.33, "hand": 0, "rest": 4}