{"era": 4.7, "whip": 1.3, "k_rate": 0.16376306620209058, "bb9": 2.417910447761194, "era_home": 4.82, "era_away": 4.62, "hand": 0, "rest": 4}