{"era": 7.9, "whip": 1.9, "k_rate": 0.22727272727272727, "bb9": 3.951219512195122, "era_home": 5.14, "era_away": 10.8, "hand": 0, "rest": 4}