{"era": 5.73, "whip": 1.58, "k_rate": 0.18287037037037038, "bb9": 3.791095890410959, "era_home": 6.39, "era_away": 5.2, "hand": 0, "rest": 4}