{"era": 4.3, "whip": 1.13, "k_rate": 0.29411764705882354, "bb9": 2.542207792207792, "era_home": 4.37, "era_away": 4.24, "hand": 0, "rest": 4}