{"era": 3.44, "whip": 1.05, "k_rate": 0.24242424242424243, "bb9": 1.4496644295302015, "era_home": 3.93, "era_away": 2.08, "hand": 0, "rest": 4}