{"era": 5.36, "whip": 1.56, "k_rate": 0.20657276995305165, "bb9": 4.531914893617022, "era_home": 4.46, "era_away": 6.17, "hand": 0, "rest": 4}