{"era": 8.52, "whip": 1.77, "k_rate": 0.20155038759689922, "bb9": 4.821428571428571, "era_home": 4.78, "era_away": 11.83, "hand": 0, "rest": 4}