{"era": 1.96, "whip": 0.95, "k_rate": 0.33073929961089493, "bb9": 2.1654135338345863, "era_home": 2.51, "era_away": 1.32, "hand": 0, "rest": 4}