{"era": 5.55, "whip": 1.6, "k_rate": 0.16843702579666162, "bb9": 3.3048498845265586, "era_home": 5.66, "era_away": 5.45, "hand": 0, "rest": 4}