{"era": 4.03, "whip": 1.45, "k_rate": 0.2047244094488189, "bb9": 4.0344827586206895, "era_home": 3.55, "era_away": 4.41, "hand": 0, "rest": 4}