{"era": 5.52, "whip": 1.42, "k_rate": 0.15520628683693516, "bb9": 2.4899135446685876, "era_home": 5.23, "era_away": 5.78, "hand": 0, "rest": 4}