{"era": 3.29, "whip": 1.26, "k_rate": 0.23478260869565218, "bb9": 4.060975609756097, "era_home": 3.74, "era_away": 2.48, "hand": 0, "rest": 4}