{"era": 4.35, "whip": 1.23, "k_rate": 0.1791907514450867, "bb9": 2.6129032258064515, "era_home": 4.32, "era_away": 4.41, "hand": 0, "rest": 4}