{"era": 2.71, "whip": 0.94, "k_rate": 0.3333333333333333, "bb9": 1.9844097995545658, "era_home": 2.19, "era_away": 3.27, "hand": 0, "rest": 4}