{"era": 4.88, "whip": 1.44, "k_rate": 0.16045845272206305, "bb9": 2.7794117647058827, "era_home": 4.74, "era_away": 5.07, "hand": 0, "rest": 4}