{"era": 5.72, "whip": 1.4, "k_rate": 0.12429378531073447, "bb9": 3.432203389830508, "era_home": 3.24, "era_away": 7.54, "hand": 0, "rest": 4}