{"era": 3.23, "whip": 1.25, "k_rate": 0.169921875, "bb9": 2.4414893617021276, "era_home": 2.84, "era_away": 3.63, "hand": 0, "rest": 4}