{"era": 3.09, "whip": 1.05, "k_rate": 0.2572877059569075, "bb9": 3.3634812286689417, "era_home": 2.98, "era_away": 3.18, "hand": 0, "rest": 4}