{"era": 6.65, "whip": 1.65, "k_rate": 0.18944844124700239, "bb9": 3.425373134328358, "era_home": 4.87, "era_away": 8.14, "hand": 0, "rest": 4}