{"era": 8.27, "whip": 2.14, "k_rate": 0.11764705882352941, "bb9": 0.5510204081632654, "era_home": 8.49, "era_away": 7.71, "hand": 0, "rest": 4}