{"era": 2.18, "whip": 1.13, "k_rate": 0.1907514450867052, "bb9": 3.0115384615384615, "era_home": 0.84, "era_away": 4.36, "hand": 0, "rest": 4}