{"era": 6.97, "whip": 1.5, "k_rate": 0.2708333333333333, "bb9": 5.661290322580645, "era_home": 5.4, "era_away": 13.5, "hand": 0, "rest": 4}