{"era": 3.05, "whip": 1.07, "k_rate": 0.3064516129032258, "bb9": 2.4652173913043476, "era_home": 2.06, "era_away": 4.1, "hand": 0, "rest": 4}