{"era": 4.74, "whip": 1.47, "k_rate": 0.2840466926070039, "bb9": 5.526315789473684, "era_home": 3.23, "era_away": 6.49, "hand": 0, "rest": 4}