{"era": 5.52, "whip": 1.45, "k_rate": 0.18945868945868946, "bb9": 2.7620041753653446, "era_home": 4.45, "era_away": 7.18, "hand": 0, "rest": 4}