{"era": 3.79, "whip": 1.27, "k_rate": 0.2107843137254902, "bb9": 3.694736842105263, "era_home": 3.33, "era_away": 4.27, "hand": 0, "rest": 4}