{"era": 4.22, "whip": 1.49, "k_rate": 0.17889908256880735, "bb9": 4.959183673469388, "era_home": 3.2, "era_away": 5.32, "hand": 0, "rest": 4}