{"era": 1.99, "whip": 1.11, "k_rate": 0.27255985267034993, "bb9": 2.7862407862407865, "era_home": 1.78, "era_away": 2.3, "hand": 0, "rest": 4}