{"era": 1.23, "whip": 1.23, "k_rate": 0.328125, "bb9": 5.522727272727273, "era_home": 2.57, "era_away": 0.0, "hand": 0, "rest": 4}