{"era": 3.45, "whip": 1.02, "k_rate": 0.26366559485530544, "bb9": 1.723404255319149, "era_home": 3.23, "era_away": 3.77, "hand": 0, "rest": 4}