{"era": 2.96, "whip": 1.22, "k_rate": 0.27631578947368424, "bb9": 3.8219178082191783, "era_home": 3.12, "era_away": 2.76, "hand": 0, "rest": 4}