{"era": 4.35, "whip": 1.38, "k_rate": 0.18791946308724833, "bb9": 4.082926829268293, "era_home": 3.95, "era_away": 5.04, "hand": 0, "rest": 4}