{"era": 14.14, "whip": 2.71, "k_rate": 0.09523809523809523, "bb9": 3.857142857142857, "era_home": 16.2, "era_away": 12.27, "hand": 0, "rest": 4}