{"era": 4.87, "whip": 1.51, "k_rate": 0.14385150812064965, "bb9": 2.663265306122449, "era_home": 3.24, "era_away": 6.07, "hand": 0, "rest": 4}