{"era": 3.57, "whip": 1.2, "k_rate": 0.24024390243902438, "bb9": 2.25752508361204, "era_home": 3.29, "era_away": 3.87, "hand": 0, "rest": 4}