{"era": 6.7, "whip": 1.71, "k_rate": 0.1404399323181049, "bb9": 3.419525065963061, "era_home": 5.98, "era_away": 7.32, "hand": 0, "rest": 4}