{"era": 3.01, "whip": 0.89, "k_rate": 0.30434782608695654, "bb9": 2.386046511627907, "era_home": 2.2, "era_away": 4.11, "hand": 0, "rest": 4}