{"era": 4.16, "whip": 1.46, "k_rate": 0.22163588390501318, "bb9": 3.6842105263157894, "era_home": 4.56, "era_away": 3.58, "hand": 0, "rest": 4}