{"era": 3.78, "whip": 1.2, "k_rate": 0.2733812949640288, "bb9": 4.319999999999999, "era_home": 2.76, "era_away": 4.76, "hand": 0, "rest": 4}