{"era": 5.29, "whip": 1.39, "k_rate": 0.24113475177304963, "bb9": 2.22680412371134, "era_home": 8.44, "era_away": 2.2, "hand": 0, "rest": 4}