{"era": 4.58, "whip": 1.45, "k_rate": 0.13877551020408163, "bb9": 3.7636363636363637, "era_home": 3.89, "era_away": 5.75, "hand": 0, "rest": 4}