{"era": 3.55, "whip": 1.3, "k_rate": 0.21241050119331742, "bb9": 2.4545454545454546, "era_home": 2.64, "era_away": 4.38, "hand": 0, "rest": 4}