{"era": 7.71, "whip": 1.77, "k_rate": 0.25287356321839083, "bb9": 4.339285714285714, "era_home": 5.91, "era_away": 10.13, "hand": 0, "rest": 4}