{"era": 3.47, "whip": 1.12, "k_rate": 0.26004728132387706, "bb9": 2.0142857142857142, "era_home": 2.47, "era_away": 4.42, "hand": 0, "rest": 4}