{"era": 2.67, "whip": 0.99, "k_rate": 0.38257575757575757, "bb9": 3.075949367088608, "era_home": 2.17, "era_away": 3.25, "hand": 0, "rest": 4}