{"era": 3.74, "whip": 1.2, "k_rate": 0.16089965397923875, "bb9": 1.7737226277372262, "era_home": 4.16, "era_away": 3.29, "hand": 0, "rest": 4}