{"era": 4.89, "whip": 1.29, "k_rate": 0.26993865030674846, "bb9": 3.491379310344828, "era_home": 3.38, "era_away": 6.3, "hand": 0, "rest": 4}