{"era": 2.61, "whip": 1.03, "k_rate": 0.17088607594936708, "bb9": 2.15546218487395, "era_home": 2.72, "era_away": 2.51, "hand": 0, "rest": 4}