{"era": 4.75, "whip": 1.48, "k_rate": 0.18518518518518517, "bb9": 3.5604395604395607, "era_home": 4.6, "era_away": 4.91, "hand": 0, "rest": 4}