{"era": 6.02, "whip": 1.57, "k_rate": 0.21243523316062177, "bb9": 2.9076923076923076, "era_home": 3.31, "era_away": 7.67, "hand": 0, "rest": 4}