{"era": 3.21, "whip": 1.23, "k_rate": 0.22580645161290322, "bb9": 2.3085501858736057, "era_home": 2.65, "era_away": 4.08, "hand": 0, "rest": 4}