{"era": 1.81, "whip": 0.9, "k_rate": 0.24349881796690306, "bb9": 2.3799392097264436, "era_home": 0.96, "era_away": 2.44, "hand": 0, "rest": 4}