{"era": 6.21, "whip": 1.54, "k_rate": 0.1742627345844504, "bb9": 2.286290322580645, "era_home": 6.85, "era_away": 5.35, "hand": 0, "rest": 4}