{"era": 4.49, "whip": 1.47, "k_rate": 0.17256637168141592, "bb9": 2.5504885993485344, "era_home": 4.26, "era_away": 4.76, "hand": 0, "rest": 4}