{"era": 3.01, "whip": 1.02, "k_rate": 0.20708955223880596, "bb9": 1.3399503722084367, "era_home": 2.47, "era_away": 3.6, "hand": 0, "rest": 4}