{"era": 5.48, "whip": 1.64, "k_rate": 0.20202020202020202, "bb9": 4.21875, "era_home": 5.4, "era_away": 5.56, "hand": 0, "rest": 4}