{"era": 2.93, "whip": 1.21, "k_rate": 0.20176730486008837, "bb9": 2.5533199195171026, "era_home": 2.24, "era_away": 3.8, "hand": 0, "rest": 4}