{"era": 2.5, "whip": 1.25, "k_rate": 0.1938534278959811, "bb9": 4.633663366336633, "era_home": 2.18, "era_away": 3.09, "hand": 0, "rest": 4}