{"era": 2.33, "whip": 1.09, "k_rate": 0.3670886075949367, "bb9": 1.8620689655172415, "era_home": 2.61, "era_away": 2.0, "hand": 0, "rest": 4}