{"era": 8.65, "whip": 1.65, "k_rate": 0.18699186991869918, "bb9": 3.8076923076923075, "era_home": 7.2, "era_away": 10.64, "hand": 0, "rest": 4}