{"era": 5.86, "whip": 1.19, "k_rate": 0.20670391061452514, "bb9": 2.7209302325581395, "era_home": 3.91, "era_away": 8.66, "hand": 0, "rest": 4}