{"era": 2.58, "whip": 1.07, "k_rate": 0.3235294117647059, "bb9": 2.291777188328912, "era_home": 2.87, "era_away": 2.32, "hand": 0, "rest": 4}