{"era": 4.4, "whip": 1.27, "k_rate": 0.2122905027932961, "bb9": 2.9302325581395348, "era_home": 3.79, "era_away": 4.88, "hand": 0, "rest": 4}