{"era": 3.37, "whip": 1.14, "k_rate": 0.22014925373134328, "bb9": 2.7404326123128118, "era_home": 3.02, "era_away": 3.75, "hand": 0, "rest": 4}