{"era": 2.72, "whip": 1.31, "k_rate": 0.23030303030303031, "bb9": 1.361344537815126, "era_home": 2.5, "era_away": 2.91, "hand": 0, "rest": 4}