{"era": 5.83, "whip": 1.41, "k_rate": 0.19626168224299065, "bb9": 3.2363013698630136, "era_home": 5.95, "era_away": 5.73, "hand": 0, "rest": 4}