{"era": 3.75, "whip": 1.27, "k_rate": 0.2764227642276423, "bb9": 4.213872832369942, "era_home": 2.89, "era_away": 4.55, "hand": 0, "rest": 4}