{"era": 4.5, "whip": 1.31, "k_rate": 0.24574209245742093, "bb9": 3.09375, "era_home": 3.16, "era_away": 5.57, "hand": 0, "rest": 4}