{"era": 4.4, "whip": 1.27, "k_rate": 0.18181818181818182, "bb9": 3.8152173913043477, "era_home": 3.63, "era_away": 5.4, "hand": 0, "rest": 4}