{"era": 4.85, "whip": 1.26, "k_rate": 0.20229885057471264, "bb9": 2.911764705882353, "era_home": 6.08, "era_away": 3.79, "hand": 0, "rest": 4}