{"era": 4.9, "whip": 1.44, "k_rate": 0.25358166189111747, "bb9": 3.395876288659794, "era_home": 6.08, "era_away": 3.83, "hand": 0, "rest": 4}