{"era": 5.13, "whip": 1.33, "k_rate": 0.10619469026548672, "bb9": 3.759493670886076, "era_home": 4.66, "era_away": 5.4, "hand": 0, "rest": 4}