{"era": 3.45, "whip": 1.13, "k_rate": 0.24752475247524752, "bb9": 2.590909090909091, "era_home": 3.35, "era_away": 3.56, "hand": 0, "rest": 4}