{"era": 3.68, "whip": 1.21, "k_rate": 0.27586206896551724, "bb9": 3.523992322456814, "era_home": 4.01, "era_away": 3.29, "hand": 0, "rest": 4}