{"era": 3.06, "whip": 1.17, "k_rate": 0.24581005586592178, "bb9": 1.869230769230769, "era_home": 2.65, "era_away": 3.66, "hand": 0, "rest": 4}