{"era": 4.95, "whip": 1.37, "k_rate": 0.1925545571245186, "bb9": 3.121100917431193, "era_home": 6.7, "era_away": 3.34, "hand": 0, "rest": 4}