{"era": 3.34, "whip": 1.1, "k_rate": 0.2730673316708229, "bb9": 2.5583756345177666, "era_home": 3.09, "era_away": 3.62, "hand": 0, "rest": 4}