{"era": 3.86, "whip": 1.21, "k_rate": 0.18421052631578946, "bb9": 3.5357142857142856, "era_home": 3.78, "era_away": 3.97, "hand": 0, "rest": 4}