{"era": 5.53, "whip": 1.64, "k_rate": 0.18032786885245902, "bb9": 4.192546583850932, "era_home": 5.86, "era_away": 5.19, "hand": 0, "rest": 4}