{"era": 3.54, "whip": 0.96, "k_rate": 0.22727272727272727, "bb9": 1.6071428571428572, "era_home": 3.24, "era_away": 3.97, "hand": 0, "rest": 4}