{"era": 5.68, "whip": 1.47, "k_rate": 0.13414634146341464, "bb9": 3.3157894736842106, "era_home": 6.08, "era_away": 4.76, "hand": 0, "rest": 4}