{"era": 4.55, "whip": 1.21, "k_rate": 0.22382671480144403, "bb9": 4.821428571428572, "era_home": 4.91, "era_away": 4.18, "hand": 0, "rest": 4}