{"era": 10.38, "whip": 2.08, "k_rate": 0.19047619047619047, "bb9": 4.153846153846154, "era_home": 10.38, "era_away": 10.38, "hand": 0, "rest": 4}