{"era": 4.88, "whip": 1.25, "k_rate": 0.18854415274463007, "bb9": 1.806020066889632, "era_home": 4.61, "era_away": 5.23, "hand": 0, "rest": 4}