{"era": 3.5, "whip": 1.02, "k_rate": 0.26458036984352773, "bb9": 1.2157598499061915, "era_home": 3.3, "era_away": 3.77, "hand": 0, "rest": 4}