{"era": 3.77, "whip": 1.23, "k_rate": 0.20036429872495445, "bb9": 2.7411167512690353, "era_home": 4.37, "era_away": 3.27, "hand": 0, "rest": 4}