{"era": 4.25, "whip": 1.48, "k_rate": 0.182648401826484, "bb9": 2.7739726027397262, "era_home": 2.49, "era_away": 6.17, "hand": 0, "rest": 4}