{"era": 5.03, "whip": 1.47, "k_rate": 0.13884785819793205, "bb9": 2.428265524625268, "era_home": 4.94, "era_away": 5.13, "hand": 0, "rest": 4}