{"era": 5.34, "whip": 1.42, "k_rate": 0.18997361477572558, "bb9": 1.9883720930232558, "era_home": 5.65, "era_away": 5.02, "hand": 0, "rest": 4}