{"era": 5.67, "whip": 1.33, "k_rate": 0.1415929203539823, "bb9": 1.3333333333333333, "era_home": 7.27, "era_away": 2.79, "hand": 0, "rest": 4}