{"era": 0.0, "whip": 1.15, "k_rate": 0.2222222222222222, "bb9": 4.153846153846154, "era_home": 0.0, "era_away": 0.0, "hand": 0, "rest": 4}