{"era": 4.4, "whip": 1.45, "k_rate": 0.16704805491990846, "bb9": 4.485049833887043, "era_home": 3.3, "era_away": 5.24, "hand": 0, "rest": 4}