{"era": 3.57, "whip": 1.02, "k_rate": 0.23270440251572327, "bb9": 1.56198347107438, "era_home": 3.27, "era_away": 3.93, "hand": 0, "rest": 4}