{"era": 6.34, "whip": 1.59, "k_rate": 0.20357142857142857, "bb9": 4.573770491803279, "era_home": 5.97, "era_away": 6.94, "hand": 0, "rest": 4}