{"era": 2.55, "whip": 1.18, "k_rate": 0.24369747899159663, "bb9": 3.017191977077364, "era_home": 3.2, "era_away": 1.95, "hand": 0, "rest": 4}