{"era": 2.75, "whip": 1.15, "k_rate": 0.29466357308584684, "bb9": 2.751592356687898, "era_home": 3.3, "era_away": 2.31, "hand": 0, "rest": 4}