{"era": 3.58, "whip": 1.08, "k_rate": 0.2882882882882883, "bb9": 3.0903614457831323, "era_home": 3.0, "era_away": 3.86, "hand": 0, "rest": 4}