{"era": 2.27, "whip": 1.24, "k_rate": 0.2564102564102564, "bb9": 4.153846153846154, "era_home": 1.5, "era_away": 3.57, "hand": 0, "rest": 4}