{"era": 1.59, "whip": 0.88, "k_rate": 0.3333333333333333, "bb9": 3.176470588235294, "era_home": 1.8, "era_away": 0.0, "hand": 0, "rest": 4}