{"era": 3.58, "whip": 1.25, "k_rate": 0.24128686327077747, "bb9": 2.4545454545454546, "era_home": 2.63, "era_away": 4.4, "hand": 0, "rest": 4}