{"era": 7.02, "whip": 1.77, "k_rate": 0.12953367875647667, "bb9": 4.251968503937007, "era_home": 7.83, "era_away": 6.05, "hand": 0, "rest": 4}