{"era": 4.76, "whip": 1.28, "k_rate": 0.16402877697841728, "bb9": 2.350202429149798, "era_home": 4.29, "era_away": 5.26, "hand": 0, "rest": 4}