{"era": 5.38, "whip": 1.55, "k_rate": 0.18604651162790697, "bb9": 3.345132743362832, "era_home": 4.6, "era_away": 6.53, "hand": 0, "rest": 4}