{"era": 4.84, "whip": 1.28, "k_rate": 0.21374045801526717, "bb9": 2.3909287257019436, "era_home": 4.62, "era_away": 5.07, "hand": 0, "rest": 4}