{"era": 2.48, "whip": 1.01, "k_rate": 0.23192360163710776, "bb9": 1.553956834532374, "era_home": 2.42, "era_away": 2.55, "hand": 0, "rest": 4}