{"era": 3.87, "whip": 1.29, "k_rate": 0.2615803814713896, "bb9": 2.197674418604651, "era_home": 4.62, "era_away": 3.31, "hand": 0, "rest": 4}