{"era": 3.81, "whip": 1.2, "k_rate": 0.2353896103896104, "bb9": 3.5671981776765374, "era_home": 3.57, "era_away": 4.04, "hand": 0, "rest": 4}