{"era": 5.01, "whip": 1.37, "k_rate": 0.21382289416846653, "bb9": 3.481132075471698, "era_home": 5.8, "era_away": 4.18, "hand": 0, "rest": 4}