{"era": 4.86, "whip": 1.37, "k_rate": 0.23795180722891565, "bb9": 3.789473684210526, "era_home": 6.55, "era_away": 3.56, "hand": 0, "rest": 4}