{"era": 1.56, "whip": 1.1, "k_rate": 0.2708333333333333, "bb9": 3.1153846153846154, "era_home": 2.08, "era_away": 0.69, "hand": 0, "rest": 4}