{"era": 4.49, "whip": 1.33, "k_rate": 0.1743295019157088, "bb9": 2.89544235924933, "era_home": 3.86, "era_away": 5.19, "hand": 0, "rest": 4}