{"era": 2.5, "whip": 1.06, "k_rate": 0.26270136307311026, "bb9": 1.9603960396039604, "era_home": 1.94, "era_away": 3.02, "hand": 0, "rest": 4}