{"era": 4.7, "whip": 1.45, "k_rate": 0.11312217194570136, "bb9": 3.309677419354839, "era_home": 5.13, "era_away": 3.93, "hand": 0, "rest": 4}