{"era": 6.25, "whip": 1.33, "k_rate": 0.1357142857142857, "bb9": 3.4105263157894736, "era_home": 12.66, "era_away": 3.0, "hand": 0, "rest": 4}