{"era": 11.45, "whip": 2.36, "k_rate": 0.16363636363636364, "bb9": 5.7272727272727275, "era_home": 12.86, "era_away": 9.0, "hand": 0, "rest": 4}