{"era": 2.58, "whip": 1.51, "k_rate": 0.19047619047619047, "bb9": 5.634782608695652, "era_home": 2.53, "era_away": 2.65, "hand": 0, "rest": 4}