{"era": 5.46, "whip": 1.53, "k_rate": 0.1951219512195122, "bb9": 2.6801470588235294, "era_home": 4.1, "era_away": 7.34, "hand": 0, "rest": 4}