{"era": 6.59, "whip": 1.57, "k_rate": 0.18211920529801323, "bb9": 4.214634146341464, "era_home": 7.78, "era_away": 5.17, "hand": 0, "rest": 4}