{"era": 3.5, "whip": 1.15, "k_rate": 0.20913884007029876, "bb9": 2.3365384615384617, "era_home": 5.18, "era_away": 2.06, "hand": 0, "rest": 4}