{"era": 3.46, "whip": 1.2, "k_rate": 0.23162939297124602, "bb9": 2.4491150442477876, "era_home": 3.55, "era_away": 3.4, "hand": 0, "rest": 4}