{"era": 2.67, "whip": 0.76, "k_rate": 0.391304347826087, "bb9": 1.1868131868131868, "era_home": 3.08, "era_away": 0.0, "hand": 0, "rest": 4}