{"era": 4.84, "whip": 1.32, "k_rate": 0.23954372623574144, "bb9": 5.135869565217391, "era_home": 4.32, "era_away": 5.46, "hand": 0, "rest": 4}