{"era": 3.25, "whip": 1.16, "k_rate": 0.23249299719887956, "bb9": 2.9426386233269595, "era_home": 3.24, "era_away": 3.26, "hand": 0, "rest": 4}