{"era": 2.19, "whip": 1.08, "k_rate": 0.1986754966887417, "bb9": 3.4054054054054053, "era_home": 2.25, "era_away": 2.12, "hand": 0, "rest": 4}