{"era": 5.89, "whip": 1.59, "k_rate": 0.13924050632911392, "bb9": 3.454976303317536, "era_home": 6.75, "era_away": 4.75, "hand": 0, "rest": 4}