{"era": 3.21, "whip": 1.29, "k_rate": 0.2231404958677686, "bb9": 3.6964285714285716, "era_home": 3.24, "era_away": 3.19, "hand": 0, "rest": 4}