{"era": 5.64, "whip": 1.22, "k_rate": 0.28517110266159695, "bb9": 1.7802197802197803, "era_home": 4.73, "era_away": 6.67, "hand": 0, "rest": 4}