{"era": 3.39, "whip": 1.07, "k_rate": 0.21324717285945072, "bb9": 2.396103896103896, "era_home": 2.71, "era_away": 4.26, "hand": 0, "rest": 4}