{"era": 3.58, "whip": 1.21, "k_rate": 0.2807017543859649, "bb9": 2.770522388059702, "era_home": 2.99, "era_away": 4.48, "hand": 0, "rest": 4}