{"era": 4.96, "whip": 1.42, "k_rate": 0.2106164383561644, "bb9": 3.808564231738035, "era_home": 3.72, "era_away": 6.59, "hand": 0, "rest": 4}