{"era": 1.69, "whip": 0.88, "k_rate": 0.28225806451612906, "bb9": 3.09375, "era_home": 1.5, "era_away": 1.8, "hand": 0, "rest": 4}