{"era": 4.44, "whip": 1.24, "k_rate": 0.2565130260521042, "bb9": 3.2124645892351276, "era_home": 3.45, "era_away": 5.37, "hand": 0, "rest": 4}