{"era": 3.17, "whip": 1.07, "k_rate": 0.29892141756548535, "bb9": 2.111111111111111, "era_home": 3.44, "era_away": 2.94, "hand": 0, "rest": 4}