{"era": 4.81, "whip": 1.32, "k_rate": 0.14285714285714285, "bb9": 2.227722772277228, "era_home": 3.77, "era_away": 5.66, "hand": 0, "rest": 4}