{"era": 3.81, "whip": 1.33, "k_rate": 0.22807017543859648, "bb9": 3.980769230769231, "era_home": 5.14, "era_away": 2.25, "hand": 0, "rest": 4}