{"era": 4.4, "whip": 1.43, "k_rate": 0.22007722007722008, "bb9": 3.9244186046511627, "era_home": 4.34, "era_away": 4.45, "hand": 0, "rest": 4}