{"era": 4.83, "whip": 1.29, "k_rate": 0.17843866171003717, "bb9": 2.6999999999999997, "era_home": 8.14, "era_away": 2.77, "hand": 0, "rest": 4}