{"era": 2.42, "whip": 0.94, "k_rate": 0.19767441860465115, "bb9": 2.0149253731343286, "era_home": 3.27, "era_away": 1.59, "hand": 0, "rest": 4}