{"era": 7.44, "whip": 1.68, "k_rate": 0.16666666666666666, "bb9": 5.7857142857142865, "era_home": 5.09, "era_away": 13.03, "hand": 0, "rest": 4}