{"era": 5.05, "whip": 1.31, "k_rate": 0.20991735537190082, "bb9": 3.532710280373832, "era_home": 5.89, "era_away": 4.23, "hand": 0, "rest": 4}