{"era": 6.85, "whip": 1.77, "k_rate": 0.24107142857142858, "bb9": 2.6619718309859155, "era_home": 7.9, "era_away": 5.4, "hand": 0, "rest": 4}