{"era": 4.78, "whip": 1.33, "k_rate": 0.19130434782608696, "bb9": 4.101265822784811, "era_home": 2.08, "era_away": 7.43, "hand": 0, "rest": 4}