{"era": 4.57, "whip": 1.92, "k_rate": 0.14691943127962084, "bb9": 8.933823529411764, "era_home": 6.63, "era_away": 3.08, "hand": 0, "rest": 4}