{"era": 4.22, "whip": 1.37, "k_rate": 0.2074688796680498, "bb9": 3.4683794466403164, "era_home": 4.2, "era_away": 4.24, "hand": 0, "rest": 4}