{"era": 4.11, "whip": 1.51, "k_rate": 0.19631901840490798, "bb9": 4.603686635944701, "era_home": 4.46, "era_away": 3.81, "hand": 0, "rest": 4}