{"era": 3.65, "whip": 1.1, "k_rate": 0.24125874125874125, "bb9": 2.347826086956522, "era_home": 3.71, "era_away": 3.6, "hand": 0, "rest": 4}