{"era": 4.52, "whip": 1.23, "k_rate": 0.17771883289124668, "bb9": 1.4052044609665426, "era_home": 3.98, "era_away": 5.01, "hand": 0, "rest": 4}