{"era": 5.36, "whip": 1.45, "k_rate": 0.17560975609756097, "bb9": 4.0212765957446805, "era_home": 6.0, "era_away": 4.85, "hand": 0, "rest": 4}