{"era": 4.28, "whip": 1.23, "k_rate": 0.26693227091633465, "bb9": 1.892988929889299, "era_home": 3.9, "era_away": 4.92, "hand": 0, "rest": 4}