{"era": 3.63, "whip": 1.25, "k_rate": 0.2149390243902439, "bb9": 1.784648187633262, "era_home": 2.9, "era_away": 4.54, "hand": 0, "rest": 4}