{"era": 3.43, "whip": 1.17, "k_rate": 0.18250950570342206, "bb9": 2.7142857142857144, "era_home": 2.52, "era_away": 4.94, "hand": 0, "rest": 4}