{"era": 3.95, "whip": 1.25, "k_rate": 0.19184290030211482, "bb9": 2.4853556485355646, "era_home": 3.86, "era_away": 4.11, "hand": 0, "rest": 4}