{"era": 3.98, "whip": 1.3, "k_rate": 0.2508038585209003, "bb9": 3.1105990783410142, "era_home": 4.75, "era_away": 3.43, "hand": 0, "rest": 4}