{"era": 3.11, "whip": 1.46, "k_rate": 0.18072289156626506, "bb9": 4.778761061946903, "era_home": 4.41, "era_away": 2.11, "hand": 0, "rest": 4}