{"era": 3.47, "whip": 1.23, "k_rate": 0.20451843043995244, "bb9": 2.198697068403909, "era_home": 2.83, "era_away": 4.11, "hand": 0, "rest": 4}