{"era": 4.92, "whip": 1.19, "k_rate": 0.24078624078624078, "bb9": 2.0412371134020617, "era_home": 3.8, "era_away": 5.88, "hand": 0, "rest": 4}