{"era": 5.43, "whip": 1.59, "k_rate": 0.22673434856175972, "bb9": 6.332474226804123, "era_home": 5.12, "era_away": 5.8, "hand": 0, "rest": 4}