{"era": 3.6, "whip": 0.99, "k_rate": 0.2732342007434944, "bb9": 1.5333333333333334, "era_home": 3.92, "era_away": 3.29, "hand": 0, "rest": 4}