{"era": 4.19, "whip": 1.21, "k_rate": 0.20056497175141244, "bb9": 2.359223300970874, "era_home": 2.87, "era_away": 5.3, "hand": 0, "rest": 4}