{"era": 4.05, "whip": 1.25, "k_rate": 0.23355263157894737, "bb9": 2.6812933025404155, "era_home": 3.11, "era_away": 5.6, "hand": 0, "rest": 4}