{"era": 2.89, "whip": 0.9, "k_rate": 0.21398305084745764, "bb9": 0.9642857142857143, "era_home": 2.47, "era_away": 3.29, "hand": 0, "rest": 4}