{"era": 3.07, "whip": 1.1, "k_rate": 0.24324324324324326, "bb9": 2.472772277227723, "era_home": 3.29, "era_away": 2.87, "hand": 0, "rest": 4}