{"era": 7.07, "whip": 1.91, "k_rate": 0.14942528735632185, "bb9": 9.08411214953271, "era_home": 2.66, "era_away": 15.75, "hand": 0, "rest": 4}