{"era": 2.94, "whip": 0.98, "k_rate": 0.24289772727272727, "bb9": 2.2458410351201477, "era_home": 1.96, "era_away": 4.07, "hand": 0, "rest": 4}