{"era": 4.68, "whip": 1.04, "k_rate": 0.20348837209302326, "bb9": 1.700787401574803, "era_home": 6.17, "era_away": 2.84, "hand": 0, "rest": 4}