{"era": 4.19, "whip": 1.32, "k_rate": 0.23823109843081314, "bb9": 3.538306451612903, "era_home": 3.76, "era_away": 4.75, "hand": 0, "rest": 4}