{"era": 7.9, "whip": 2.2, "k_rate": 0.1643835616438356, "bb9": 6.585365853658537, "era_home": 9.53, "era_away": 0.0, "hand": 0, "rest": 4}