{"era": 4.13, "whip": 1.33, "k_rate": 0.13154533844189017, "bb9": 2.459016393442623, "era_home": 3.58, "era_away": 4.84, "hand": 0, "rest": 4}