{"era": 4.84, "whip": 1.37, "k_rate": 0.22595419847328244, "bb9": 3.942477876106195, "era_home": 4.95, "era_away": 4.75, "hand": 0, "rest": 4}