{"era": 3.56, "whip": 1.19, "k_rate": 0.24822695035460993, "bb9": 1.9756097560975612, "era_home": 3.06, "era_away": 4.0, "hand": 0, "rest": 4}