{"era": 5.3, "whip": 1.21, "k_rate": 0.21794871794871795, "bb9": 1.9285714285714286, "era_home": 4.73, "era_away": 5.83, "hand": 0, "rest": 4}