{"era": 5.6, "whip": 1.87, "k_rate": 0.19318181818181818, "bb9": 5.094339622641509, "era_home": 5.0, "era_away": 6.23, "hand": 0, "rest": 4}