{"era": 4.36, "whip": 1.24, "k_rate": 0.31868131868131866, "bb9": 4.2272727272727275, "era_home": 3.44, "era_away": 5.52, "hand": 0, "rest": 4}