{"era": 4.4, "whip": 1.33, "k_rate": 0.18984547461368653, "bb9": 2.962382445141066, "era_home": 3.99, "era_away": 4.63, "hand": 0, "rest": 4}