{"era": 3.68, "whip": 1.34, "k_rate": 0.12478632478632479, "bb9": 1.7737226277372262, "era_home": 1.91, "era_away": 5.32, "hand": 0, "rest": 4}