{"era": 5.18, "whip": 1.51, "k_rate": 0.16574585635359115, "bb9": 3.4027397260273973, "era_home": 5.81, "era_away": 4.53, "hand": 0, "rest": 4}