{"era": 4.32, "whip": 1.39, "k_rate": 0.16857142857142857, "bb9": 3.430327868852459, "era_home": 3.29, "era_away": 5.36, "hand": 0, "rest": 4}