{"era": 3.71, "whip": 1.28, "k_rate": 0.1780821917808219, "bb9": 2.5356521739130438, "era_home": 2.98, "era_away": 4.73, "hand": 0, "rest": 4}