{"era": 2.46, "whip": 1.07, "k_rate": 0.26229508196721313, "bb9": 2.061576354679803, "era_home": 2.23, "era_away": 2.65, "hand": 0, "rest": 4}