{"era": 4.56, "whip": 1.08, "k_rate": 0.25675675675675674, "bb9": 2.8159509202453985, "era_home": 4.23, "era_away": 4.98, "hand": 0, "rest": 4}