{"era": 3.15, "whip": 1.19, "k_rate": 0.2676056338028169, "bb9": 2.6213592233009706, "era_home": 3.38, "era_away": 2.95, "hand": 0, "rest": 4}