{"era": 3.07, "whip": 1.23, "k_rate": 0.22038567493112948, "bb9": 2.8636363636363638, "era_home": 4.06, "era_away": 2.06, "hand": 0, "rest": 4}