{"era": 3.86, "whip": 1.29, "k_rate": 0.17708333333333334, "bb9": 2.9571428571428573, "era_home": 4.25, "era_away": 3.25, "hand": 0, "rest": 4}