{"era": 3.08, "whip": 1.25, "k_rate": 0.23923444976076555, "bb9": 3.261744966442953, "era_home": 3.77, "era_away": 2.14, "hand": 0, "rest": 4}