{"era": 5.83, "whip": 1.58, "k_rate": 0.22782874617737003, "bb9": 4.563380281690141, "era_home": 6.17, "era_away": 5.43, "hand": 0, "rest": 4}