{"era": 3.55, "whip": 1.36, "k_rate": 0.17272727272727273, "bb9": 2.6644736842105265, "era_home": 4.39, "era_away": 2.63, "hand": 0, "rest": 4}