{"era": 2.7, "whip": 0.9, "k_rate": 0.3076923076923077, "bb9": 2.6999999999999997, "era_home": 2.7, "era_away": 2.7, "hand": 0, "rest": 4}