{"era": 3.43, "whip": 1.07, "k_rate": 0.2530329289428076, "bb9": 1.8083140877598152, "era_home": 3.3, "era_away": 3.57, "hand": 0, "rest": 4}