{"era": 6.75, "whip": 1.93, "k_rate": 0.1702127659574468, "bb9": 5.785714285714286, "era_home": 9.64, "era_away": 3.86, "hand": 0, "rest": 4}