{"era": 4.25, "whip": 1.05, "k_rate": 0.2727272727272727, "bb9": 3.0209790209790213, "era_home": 2.93, "era_away": 5.33, "hand": 0, "rest": 4}