{"era": 4.87, "whip": 1.82, "k_rate": 0.11578947368421053, "bb9": 5.754098360655738, "era_home": 6.75, "era_away": 3.27, "hand": 0, "rest": 4}