{"era": 4.05, "whip": 1.33, "k_rate": 0.18414322250639387, "bb9": 3.3626373626373627, "era_home": 3.8, "era_away": 4.33, "hand": 0, "rest": 4}