{"era": 3.16, "whip": 1.05, "k_rate": 0.27450980392156865, "bb9": 1.7532467532467533, "era_home": 3.31, "era_away": 2.89, "hand": 0, "rest": 4}