{"era": 5.95, "whip": 1.35, "k_rate": 0.21764705882352942, "bb9": 3.432203389830508, "era_home": 7.43, "era_away": 5.19, "hand": 0, "rest": 4}