{"era": 4.21, "whip": 1.39, "k_rate": 0.24752475247524752, "bb9": 5.926829268292684, "era_home": 3.47, "era_away": 5.06, "hand": 0, "rest": 4}