{"era": 11.08, "whip": 1.92, "k_rate": 0.15625, "bb9": 6.230769230769231, "era_home": 16.88, "era_away": 7.04, "hand": 0, "rest": 4}