{"era": 4.58, "whip": 1.32, "k_rate": 0.15757575757575756, "bb9": 3.889830508474576, "era_home": 0.86, "era_away": 8.84, "hand": 0, "rest": 4}