{"era": 4.48, "whip": 1.33, "k_rate": 0.2596491228070175, "bb9": 2.849246231155779, "era_home": 4.17, "era_away": 4.85, "hand": 0, "rest": 4}