{"era": 4.45, "whip": 1.45, "k_rate": 0.13087248322147652, "bb9": 3.930787589498807, "era_home": 2.84, "era_away": 5.78, "hand": 0, "rest": 4}