{"era": 6.02, "whip": 1.61, "k_rate": 0.23333333333333334, "bb9": 4.643312101910828, "era_home": 7.15, "era_away": 5.16, "hand": 0, "rest": 4}