{"era": 3.3, "whip": 1.16, "k_rate": 0.21212121212121213, "bb9": 2.6390977443609023, "era_home": 1.94, "era_away": 4.28, "hand": 0, "rest": 4}