{"era": 3.99, "whip": 1.5, "k_rate": 0.24315068493150685, "bb9": 4.821428571428572, "era_home": 3.38, "era_away": 4.7, "hand": 0, "rest": 4}