{"era": 2.75, "whip": 1.07, "k_rate": 0.32515337423312884, "bb9": 3.432203389830508, "era_home": 5.51, "era_away": 0.78, "hand": 0, "rest": 4}