{"era": 5.43, "whip": 1.49, "k_rate": 0.1891891891891892, "bb9": 4.085106382978723, "era_home": 4.86, "era_away": 5.93, "hand": 0, "rest": 4}