{"era": 3.86, "whip": 1.54, "k_rate": 0.2545454545454545, "bb9": 4.628571428571429, "era_home": 3.0, "era_away": 4.15, "hand": 0, "rest": 4}