{"era": 3.87, "whip": 1.32, "k_rate": 0.26143790849673204, "bb9": 3.6219512195121952, "era_home": 3.51, "era_away": 4.29, "hand": 0, "rest": 4}