{"era": 6.9, "whip": 1.68, "k_rate": 0.1991869918699187, "bb9": 4.003154574132492, "era_home": 8.25, "era_away": 5.57, "hand": 0, "rest": 4}