{"era": 7.1, "whip": 1.72, "k_rate": 0.15223097112860892, "bb9": 3.9800796812749, "era_home": 6.14, "era_away": 8.41, "hand": 0, "rest": 4}