{"era": 6.13, "whip": 1.48, "k_rate": 0.24172185430463577, "bb9": 2.4782608695652173, "era_home": 5.48, "era_away": 7.3, "hand": 0, "rest": 4}