{"era": 3.65, "whip": 1.33, "k_rate": 0.19486404833836857, "bb9": 3.360515021459227, "era_home": 4.27, "era_away": 3.2, "hand": 0, "rest": 4}