{"era": 5.97, "whip": 1.67, "k_rate": 0.14534883720930233, "bb9": 4.300884955752212, "era_home": 2.33, "era_away": 15.19, "hand": 0, "rest": 4}