{"era": 3.87, "whip": 1.32, "k_rate": 0.20278637770897834, "bb9": 2.200440528634361, "era_home": 1.95, "era_away": 5.7, "hand": 0, "rest": 4}