{"era": 4.33, "whip": 1.43, "k_rate": 0.17249417249417248, "bb9": 3.8703071672354947, "era_home": 4.2, "era_away": 4.47, "hand": 0, "rest": 4}