{"era": 5.13, "whip": 1.57, "k_rate": 0.20333333333333334, "bb9": 3.5544303797468357, "era_home": 5.84, "era_away": 4.58, "hand": 0, "rest": 4}