{"era": 5.41, "whip": 1.52, "k_rate": 0.19545454545454546, "bb9": 3.5671981776765374, "era_home": 5.82, "era_away": 4.83, "hand": 0, "rest": 4}