{"era": 3.72, "whip": 1.3, "k_rate": 0.1945392491467577, "bb9": 3.391304347826087, "era_home": 3.64, "era_away": 3.79, "hand": 0, "rest": 4}