{"era": 3.2, "whip": 1.18, "k_rate": 0.22715404699738903, "bb9": 2.3752244165170557, "era_home": 3.25, "era_away": 3.16, "hand": 0, "rest": 4}