{"era": 3.86, "whip": 1.14, "k_rate": 0.23674911660777384, "bb9": 2.7931034482758617, "era_home": 3.12, "era_away": 5.18, "hand": 0, "rest": 4}