{"era": 2.08, "whip": 0.98, "k_rate": 0.19852941176470587, "bb9": 3.634615384615385, "era_home": 5.25, "era_away": 0.4, "hand": 0, "rest": 4}