{"era": 2.33, "whip": 1.01, "k_rate": 0.33181818181818185, "bb9": 2.3855421686746987, "era_home": 1.82, "era_away": 2.92, "hand": 0, "rest": 4}