{"era": 4.45, "whip": 1.05, "k_rate": 0.22137404580152673, "bb9": 2.783505154639175, "era_home": 5.05, "era_away": 2.95, "hand": 0, "rest": 4}