{"era": 3.42, "whip": 1.2, "k_rate": 0.20726495726495728, "bb9": 3.584070796460177, "era_home": 4.5, "era_away": 2.74, "hand": 0, "rest": 4}