{"era": 3.53, "whip": 1.28, "k_rate": 0.2524850894632207, "bb9": 3.0083565459610027, "era_home": 2.94, "era_away": 4.3, "hand": 0, "rest": 4}