{"era": 5.23, "whip": 1.16, "k_rate": 0.17391304347826086, "bb9": 6.096774193548387, "era_home": 0.0, "era_away": 6.0, "hand": 0, "rest": 4}