{"era": 3.2, "whip": 1.22, "k_rate": 0.23195084485407066, "bb9": 2.173728813559322, "era_home": 3.54, "era_away": 2.84, "hand": 0, "rest": 4}