{"era": 5.5, "whip": 1.49, "k_rate": 0.14427860696517414, "bb9": 2.7841726618705036, "era_home": 7.05, "era_away": 3.68, "hand": 0, "rest": 4}