{"era": 3.96, "whip": 1.25, "k_rate": 0.22294372294372294, "bb9": 2.7247706422018347, "era_home": 4.14, "era_away": 3.75, "hand": 0, "rest": 4}