{"era": 3.53, "whip": 1.07, "k_rate": 0.2300771208226221, "bb9": 1.0837696335078535, "era_home": 3.06, "era_away": 3.89, "hand": 0, "rest": 4}