{"era": 3.47, "whip": 1.08, "k_rate": 0.24932249322493225, "bb9": 3.121100917431193, "era_home": 3.75, "era_away": 3.17, "hand": 0, "rest": 4}