{"era": 4.1, "whip": 1.45, "k_rate": 0.1995841995841996, "bb9": 3.8571428571428568, "era_home": 4.07, "era_away": 4.14, "hand": 0, "rest": 4}