{"era": 4.66, "whip": 1.37, "k_rate": 0.14903846153846154, "bb9": 2.0482758620689654, "era_home": 3.74, "era_away": 5.4, "hand": 0, "rest": 4}