{"era": 2.39, "whip": 0.92, "k_rate": 0.30278884462151395, "bb9": 1.640625, "era_home": 1.99, "era_away": 2.86, "hand": 0, "rest": 4}