{"era": 3.5, "whip": 1.19, "k_rate": 0.2684458398744113, "bb9": 4.56923076923077, "era_home": 3.57, "era_away": 3.43, "hand": 0, "rest": 4}