{"era": 6.15, "whip": 1.67, "k_rate": 0.14285714285714285, "bb9": 3.4177215189873418, "era_home": 6.52, "era_away": 5.94, "hand": 0, "rest": 4}