{"era": 4.83, "whip": 1.26, "k_rate": 0.21525215252152521, "bb9": 3.09375, "era_home": 4.56, "era_away": 5.11, "hand": 0, "rest": 4}