{"era": 2.22, "whip": 1.07, "k_rate": 0.16666666666666666, "bb9": 2.9589041095890414, "era_home": 1.13, "era_away": 2.76, "hand": 0, "rest": 4}