{"era": 4.98, "whip": 1.52, "k_rate": 0.1676829268292683, "bb9": 4.186516853932584, "era_home": 4.91, "era_away": 5.04, "hand": 0, "rest": 4}