{"era": 6.66, "whip": 1.44, "k_rate": 0.22429906542056074, "bb9": 4.068493150684931, "era_home": 4.91, "era_away": 8.1, "hand": 0, "rest": 4}