{"era": 7.61, "whip": 1.69, "k_rate": 0.20588235294117646, "bb9": 2.899328859060403, "era_home": 6.94, "era_away": 9.2, "hand": 0, "rest": 4}