{"era": 5.14, "whip": 1.63, "k_rate": 0.1368421052631579, "bb9": 4.255434782608695, "era_home": 5.9, "era_away": 4.45, "hand": 0, "rest": 4}