{"era": 6.65, "whip": 1.84, "k_rate": 0.11812297734627832, "bb9": 3.253846153846154, "era_home": 6.26, "era_away": 7.15, "hand": 0, "rest": 4}