{"era": 2.49, "whip": 0.99, "k_rate": 0.29385964912280704, "bb9": 3.0575815738963534, "era_home": 3.04, "era_away": 2.13, "hand": 0, "rest": 4}