{"era": 4.42, "whip": 1.33, "k_rate": 0.2742616033755274, "bb9": 4.421052631578948, "era_home": 3.99, "era_away": 4.88, "hand": 0, "rest": 4}