{"era": 3.36, "whip": 1.23, "k_rate": 0.20233463035019456, "bb9": 2.6270270270270273, "era_home": 2.73, "era_away": 3.94, "hand": 0, "rest": 4}