{"era": 4.25, "whip": 1.4, "k_rate": 0.1804733727810651, "bb9": 3.561702127659575, "era_home": 4.13, "era_away": 4.41, "hand": 0, "rest": 4}