{"era": 1.64, "whip": 1.09, "k_rate": 0.06818181818181818, "bb9": 2.4545454545454546, "era_home": 1.5, "era_away": 1.8, "hand": 0, "rest": 4}