{"era": 3.86, "whip": 1.12, "k_rate": 0.3088235294117647, "bb9": 2.933601609657948, "era_home": 3.44, "era_away": 4.34, "hand": 0, "rest": 4}