{"era": 4.08, "whip": 1.19, "k_rate": 0.25647668393782386, "bb9": 1.9910071942446042, "era_home": 3.61, "era_away": 4.5, "hand": 0, "rest": 4}