{"era": 4.64, "whip": 1.33, "k_rate": 0.18228279386712096, "bb9": 4.113022113022113, "era_home": 5.37, "era_away": 4.06, "hand": 0, "rest": 4}