{"era": 4.24, "whip": 1.59, "k_rate": 0.2972972972972973, "bb9": 10.058823529411764, "era_home": 4.0, "era_away": 4.5, "hand": 0, "rest": 4}