{"era": 4.55, "whip": 1.19, "k_rate": 0.2127659574468085, "bb9": 2.7433155080213902, "era_home": 4.8, "era_away": 4.27, "hand": 0, "rest": 4}