{"era": 4.07, "whip": 1.35, "k_rate": 0.16584158415841585, "bb9": 2.8421052631578947, "era_home": 2.98, "era_away": 5.53, "hand": 0, "rest": 4}