{"era": 5.72, "whip": 1.37, "k_rate": 0.16279069767441862, "bb9": 1.830508474576271, "era_home": 6.0, "era_away": 5.4, "hand": 0, "rest": 4}