{"era": 7.26, "whip": 1.68, "k_rate": 0.16551724137931034, "bb9": 4.354838709677419, "era_home": 6.0, "era_away": 8.44, "hand": 0, "rest": 4}