{"era": 4.03, "whip": 1.36, "k_rate": 0.1520912547528517, "bb9": 4.3259668508287294, "era_home": 2.56, "era_away": 5.65, "hand": 0, "rest": 4}