{"era": 3.04, "whip": 1.2, "k_rate": 0.23411371237458195, "bb9": 3.676056338028169, "era_home": 2.83, "era_away": 3.34, "hand": 0, "rest": 4}