{"era": 5.69, "whip": 1.56, "k_rate": 0.24853801169590642, "bb9": 4.721973094170404, "era_home": 6.59, "era_away": 5.17, "hand": 0, "rest": 4}