{"era": 5.29, "whip": 1.43, "k_rate": 0.16363636363636364, "bb9": 3.5714285714285716, "era_home": 6.06, "era_away": 4.28, "hand": 0, "rest": 4}