{"era": 7.18, "whip": 1.49, "k_rate": 0.23249299719887956, "bb9": 5.1265822784810124, "era_home": 5.93, "era_away": 8.53, "hand": 0, "rest": 4}