{"era": 2.71, "whip": 1.25, "k_rate": 0.24315068493150685, "bb9": 3.1004784688995213, "era_home": 3.0, "era_away": 2.45, "hand": 0, "rest": 4}