{"era": 5.14, "whip": 1.57, "k_rate": 0.09375, "bb9": 4.285714285714286, "era_home": 6.6, "era_away": 1.5, "hand": 0, "rest": 4}