{"era": 3.5, "whip": 1.02, "k_rate": 0.3240857503152585, "bb9": 2.2425249169435215, "era_home": 3.2, "era_away": 3.81, "hand": 0, "rest": 4}