{"era": 4.36, "whip": 1.12, "k_rate": 0.230566534914361, "bb9": 2.499092558983666, "era_home": 4.4, "era_away": 4.32, "hand": 0, "rest": 4}