{"era": 5.4, "whip": 1.74, "k_rate": 0.176056338028169, "bb9": 5.11578947368421, "era_home": 4.87, "era_away": 6.35, "hand": 0, "rest": 4}