{"era": 4.97, "whip": 1.25, "k_rate": 0.2518796992481203, "bb9": 2.8421052631578947, "era_home": 4.58, "era_away": 5.54, "hand": 0, "rest": 4}