{"era": 3.77, "whip": 1.05, "k_rate": 0.2033898305084746, "bb9": 3.13953488372093, "era_home": 7.71, "era_away": 1.86, "hand": 0, "rest": 4}