{"era": 4.04, "whip": 1.12, "k_rate": 0.31175468483816016, "bb9": 3.154205607476636, "era_home": 4.54, "era_away": 3.56, "hand": 0, "rest": 4}