{"era": 6.1, "whip": 1.58, "k_rate": 0.15217391304347827, "bb9": 4.935483870967742, "era_home": 7.04, "era_away": 5.79, "hand": 0, "rest": 4}