{"era": 4.41, "whip": 1.04, "k_rate": 0.23300970873786409, "bb9": 2.2941176470588234, "era_home": 5.59, "era_away": 2.86, "hand": 0, "rest": 4}