{"era": 3.21, "whip": 1.26, "k_rate": 0.26932668329177056, "bb9": 3.9650349650349654, "era_home": 3.65, "era_away": 2.82, "hand": 0, "rest": 4}