{"era": 7.18, "whip": 1.28, "k_rate": 0.19548872180451127, "bb9": 1.723404255319149, "era_home": 7.3, "era_away": 7.11, "hand": 0, "rest": 4}