{"era": 4.4, "whip": 1.22, "k_rate": 0.2504970178926441, "bb9": 3.207182320441989, "era_home": 4.71, "era_away": 3.94, "hand": 0, "rest": 4}