{"era": 5.27, "whip": 1.34, "k_rate": 0.1945945945945946, "bb9": 2.7421875, "era_home": 6.29, "era_away": 3.93, "hand": 0, "rest": 4}