{"era": 2.3, "whip": 1.16, "k_rate": 0.24431818181818182, "bb9": 3.7674418604651163, "era_home": 2.19, "era_away": 2.45, "hand": 0, "rest": 4}