{"era": 3.71, "whip": 1.27, "k_rate": 0.2230971128608924, "bb9": 2.705009276437848, "era_home": 3.3, "era_away": 4.16, "hand": 0, "rest": 4}