{"era": 5.0, "whip": 1.25, "k_rate": 0.2116788321167883, "bb9": 2.9699999999999998, "era_home": 4.81, "era_away": 5.27, "hand": 0, "rest": 4}