{"era": 14.73, "whip": 2.18, "k_rate": 0.23809523809523808, "bb9": 7.363636363636364, "era_home": 33.75, "era_away": 3.86, "hand": 0, "rest": 4}