{"era": 7.49, "whip": 1.81, "k_rate": 0.13924050632911392, "bb9": 5.613861386138614, "era_home": 10.38, "era_away": 4.41, "hand": 0, "rest": 4}