{"era": 3.96, "whip": 1.22, "k_rate": 0.264945652173913, "bb9": 2.9314285714285715, "era_home": 3.11, "era_away": 4.69, "hand": 0, "rest": 4}