{"era": 3.05, "whip": 1.1, "k_rate": 0.19093851132686085, "bb9": 1.2913043478260868, "era_home": 3.56, "era_away": 2.41, "hand": 0, "rest": 4}