{"era": 4.98, "whip": 1.5, "k_rate": 0.1271186440677966, "bb9": 3.7622950819672134, "era_home": 3.65, "era_away": 6.57, "hand": 0, "rest": 4}