{"era": 5.82, "whip": 1.56, "k_rate": 0.2662337662337662, "bb9": 4.235294117647059, "era_home": 3.86, "era_away": 7.2, "hand": 0, "rest": 4}