{"era": 4.79, "whip": 1.79, "k_rate": 0.15463917525773196, "bb9": 5.661290322580645, "era_home": 5.06, "era_away": 4.5, "hand": 0, "rest": 4}