{"era": 3.91, "whip": 1.13, "k_rate": 0.20741758241758243, "bb9": 1.6240601503759398, "era_home": 3.47, "era_away": 4.36, "hand": 0, "rest": 4}