{"era": 4.26, "whip": 1.4, "k_rate": 0.20994475138121546, "bb9": 4.153846153846154, "era_home": 5.9, "era_away": 2.91, "hand": 0, "rest": 4}