{"era": 4.95, "whip": 1.35, "k_rate": 0.3333333333333333, "bb9": 4.334862385321101, "era_home": 4.02, "era_away": 6.12, "hand": 0, "rest": 4}