{"era": 4.75, "whip": 1.31, "k_rate": 0.16666666666666666, "bb9": 2.0727272727272728, "era_home": 4.97, "era_away": 4.55, "hand": 0, "rest": 4}