{"era": 4.41, "whip": 1.35, "k_rate": 0.2777777777777778, "bb9": 4.408163265306123, "era_home": 3.97, "era_away": 5.4, "hand": 0, "rest": 4}