{"era": 6.28, "whip": 1.24, "k_rate": 0.16042780748663102, "bb9": 2.279549718574109, "era_home": 5.28, "era_away": 7.32, "hand": 0, "rest": 4}