{"era": 2.16, "whip": 1.17, "k_rate": 0.2814814814814815, "bb9": 3.2399999999999998, "era_home": 1.46, "era_away": 3.03, "hand": 0, "rest": 4}