{"era": 4.1, "whip": 1.18, "k_rate": 0.24120603015075376, "bb9": 3.7241379310344827, "era_home": 2.73, "era_away": 6.27, "hand": 0, "rest": 4}