{"era": 5.08, "whip": 1.51, "k_rate": 0.22946175637393768, "bb9": 3.953974895397489, "era_home": 5.86, "era_away": 4.17, "hand": 0, "rest": 4}