{"era": 4.37, "whip": 1.39, "k_rate": 0.18508997429305912, "bb9": 3.077205882352941, "era_home": 4.85, "era_away": 3.72, "hand": 0, "rest": 4}