{"era": 5.24, "whip": 1.25, "k_rate": 0.136986301369863, "bb9": 2.6213592233009706, "era_home": 2.2, "era_away": 8.0, "hand": 0, "rest": 4}