{"era": 5.09, "whip": 1.5, "k_rate": 0.16531604538087522, "bb9": 3.6730310262529837, "era_home": 4.62, "era_away": 5.69, "hand": 0, "rest": 4}