{"era": 5.6, "whip": 2.04, "k_rate": 0.12643678160919541, "bb9": 8.150943396226415, "era_home": 8.22, "era_away": 3.6, "hand": 0, "rest": 4}