{"era": 4.53, "whip": 1.48, "k_rate": 0.14655172413793102, "bb9": 3.588607594936709, "era_home": 5.05, "era_away": 3.77, "hand": 0, "rest": 4}