{"era": 4.28, "whip": 1.25, "k_rate": 0.22943722943722944, "bb9": 2.30625, "era_home": 3.64, "era_away": 4.86, "hand": 0, "rest": 4}