{"era": 5.97, "whip": 1.73, "k_rate": 0.17391304347826086, "bb9": 4.673076923076923, "era_home": 2.19, "era_away": 8.06, "hand": 0, "rest": 4}