{"era": 3.87, "whip": 1.27, "k_rate": 0.22169059011164274, "bb9": 2.174496644295302, "era_home": 3.68, "era_away": 4.04, "hand": 0, "rest": 4}