{"era": 12.08, "whip": 1.89, "k_rate": 0.09836065573770492, "bb9": 3.5526315789473686, "era_home": 10.0, "era_away": 17.18, "hand": 0, "rest": 4}