{"era": 4.05, "whip": 1.2, "k_rate": 0.2798913043478261, "bb9": 2.25426944971537, "era_home": 3.89, "era_away": 4.27, "hand": 0, "rest": 4}