{"era": 4.48, "whip": 1.35, "k_rate": 0.2608695652173913, "bb9": 3.6322869955156953, "era_home": 4.04, "era_away": 5.06, "hand": 0, "rest": 4}