{"era": 3.86, "whip": 1.22, "k_rate": 0.17597765363128492, "bb9": 2.345559845559846, "era_home": 3.96, "era_away": 3.75, "hand": 0, "rest": 4}