{"era": 5.64, "whip": 1.61, "k_rate": 0.2621359223300971, "bb9": 2.82089552238806, "era_home": 4.5, "era_away": 7.56, "hand": 0, "rest": 4}