{"era": 4.91, "whip": 1.36, "k_rate": 0.15151515151515152, "bb9": 2.4545454545454546, "era_home": 0.0, "era_away": 7.71, "hand": 0, "rest": 4}