{"era": 3.44, "whip": 1.03, "k_rate": 0.3233644859813084, "bb9": 2.1297709923664123, "era_home": 2.24, "era_away": 4.74, "hand": 0, "rest": 4}