{"era": 4.42, "whip": 1.39, "k_rate": 0.18604651162790697, "bb9": 2.6145251396648046, "era_home": 3.47, "era_away": 5.25, "hand": 0, "rest": 4}