{"era": 3.12, "whip": 1.14, "k_rate": 0.2072678331090175, "bb9": 2.4179104477611943, "era_home": 3.33, "era_away": 2.89, "hand": 0, "rest": 4}