{"era": 5.48, "whip": 1.38, "k_rate": 0.18686868686868688, "bb9": 2.690036900369004, "era_home": 7.98, "era_away": 4.28, "hand": 0, "rest": 4}