{"era": 4.54, "whip": 1.26, "k_rate": 0.21904761904761905, "bb9": 2.7678916827852995, "era_home": 4.8, "era_away": 4.32, "hand": 0, "rest": 4}