{"era": 3.14, "whip": 1.34, "k_rate": 0.2012779552715655, "bb9": 3.767441860465116, "era_home": 2.19, "era_away": 4.15, "hand": 0, "rest": 4}