{"era": 3.46, "whip": 1.29, "k_rate": 0.16964285714285715, "bb9": 2.423076923076923, "era_home": 3.45, "era_away": 3.47, "hand": 0, "rest": 4}