{"era": 2.95, "whip": 1.05, "k_rate": 0.24104234527687296, "bb9": 2.829694323144105, "era_home": 2.95, "era_away": 2.95, "hand": 0, "rest": 4}