{"era": 3.92, "whip": 1.22, "k_rate": 0.2849604221635884, "bb9": 2.793103448275862, "era_home": 4.16, "era_away": 3.67, "hand": 0, "rest": 4}