{"era": 4.76, "whip": 1.37, "k_rate": 0.1778846153846154, "bb9": 3.212814645308925, "era_home": 5.6, "era_away": 3.68, "hand": 0, "rest": 4}