{"era": 6.23, "whip": 1.51, "k_rate": 0.19428571428571428, "bb9": 2.769230769230769, "era_home": 7.97, "era_away": 4.34, "hand": 0, "rest": 4}