{"era": 5.68, "whip": 1.47, "k_rate": 0.1712707182320442, "bb9": 3.279352226720648, "era_home": 5.54, "era_away": 5.8, "hand": 0, "rest": 4}