{"era": 5.36, "whip": 1.27, "k_rate": 0.1906040268456376, "bb9": 2.937022900763359, "era_home": 4.4, "era_away": 6.92, "hand": 0, "rest": 4}