{"era": 3.36, "whip": 1.22, "k_rate": 0.18142548596112312, "bb9": 2.79585798816568, "era_home": 3.44, "era_away": 3.28, "hand": 0, "rest": 4}