{"era": 2.11, "whip": 0.87, "k_rate": 0.22839506172839505, "bb9": 1.8984375, "era_home": 2.13, "era_away": 2.09, "hand": 0, "rest": 4}