{"era": 5.1, "whip": 1.24, "k_rate": 0.1978021978021978, "bb9": 2.0061919504643964, "era_home": 6.07, "era_away": 4.03, "hand": 0, "rest": 4}