{"era": 6.06, "whip": 1.6, "k_rate": 0.10493827160493827, "bb9": 3.532710280373832, "era_home": 6.88, "era_away": 5.3, "hand": 0, "rest": 4}