{"era": 5.6, "whip": 1.56, "k_rate": 0.2081447963800905, "bb9": 3.9489795918367347, "era_home": 8.12, "era_away": 3.52, "hand": 0, "rest": 4}