{"era": 6.23, "whip": 1.48, "k_rate": 0.208955223880597, "bb9": 1.7802197802197803, "era_home": 4.98, "era_away": 9.35, "hand": 0, "rest": 4}