{"era": 4.43, "whip": 1.29, "k_rate": 0.16468590831918506, "bb9": 2.8454332552693207, "era_home": 3.98, "era_away": 4.92, "hand": 0, "rest": 4}