{"era": 5.2, "whip": 1.43, "k_rate": 0.19602272727272727, "bb9": 3.8410041841004183, "era_home": 3.6, "era_away": 7.89, "hand": 0, "rest": 4}