{"era": 3.7, "whip": 1.03, "k_rate": 0.2524271844660194, "bb9": 2.9589041095890414, "era_home": 0.0, "era_away": 8.71, "hand": 0, "rest": 4}