{"era": 4.24, "whip": 1.35, "k_rate": 0.20914127423822715, "bb9": 3.6070726915520632, "era_home": 4.76, "era_away": 3.77, "hand": 0, "rest": 4}