{"era": 5.64, "whip": 1.4, "k_rate": 0.19910514541387025, "bb9": 2.864951768488746, "era_home": 5.33, "era_away": 5.94, "hand": 0, "rest": 4}