{"era": 3.77, "whip": 1.36, "k_rate": 0.205607476635514, "bb9": 3.527027027027027, "era_home": 5.4, "era_away": 1.85, "hand": 0, "rest": 4}