{"era": 3.26, "whip": 1.29, "k_rate": 0.18292682926829268, "bb9": 2.327586206896552, "era_home": 2.08, "era_away": 4.22, "hand": 0, "rest": 4}