{"era": 2.38, "whip": 1.01, "k_rate": 0.32051282051282054, "bb9": 1.9756097560975612, "era_home": 2.28, "era_away": 2.48, "hand": 0, "rest": 4}