{"era": 6.02, "whip": 1.26, "k_rate": 0.17889908256880735, "bb9": 2.5796178343949046, "era_home": 6.32, "era_away": 5.57, "hand": 0, "rest": 4}