{"era": 10.32, "whip": 2.03, "k_rate": 0.16071428571428573, "bb9": 9.529411764705882, "era_home": 8.0, "era_away": 19.29, "hand": 0, "rest": 4}