{"era": 3.22, "whip": 1.16, "k_rate": 0.22423146473779385, "bb9": 2.8808933002481387, "era_home": 2.62, "era_away": 4.07, "hand": 0, "rest": 4}