{"era": 5.81, "whip": 1.63, "k_rate": 0.16404886561954624, "bb9": 4.110236220472441, "era_home": 5.23, "era_away": 6.37, "hand": 0, "rest": 4}