{"era": 4.63, "whip": 0.94, "k_rate": 0.25555555555555554, "bb9": 0.7714285714285715, "era_home": 6.6, "era_away": 1.08, "hand": 0, "rest": 4}