{"era": 2.87, "whip": 1.04, "k_rate": 0.32978723404255317, "bb9": 1.7234042553191489, "era_home": 1.71, "era_away": 3.81, "hand": 0, "rest": 4}