{"era": 3.6, "whip": 1.37, "k_rate": 0.20394736842105263, "bb9": 3.085714285714286, "era_home": 3.15, "era_away": 4.2, "hand": 0, "rest": 4}