{"era": 5.1, "whip": 1.24, "k_rate": 0.23603603603603604, "bb9": 2.066326530612245, "era_home": 4.66, "era_away": 5.51, "hand": 0, "rest": 4}