{"era": 3.88, "whip": 1.31, "k_rate": 0.30633802816901406, "bb9": 5.079207920792079, "era_home": 3.86, "era_away": 3.9, "hand": 0, "rest": 4}