{"era": 4.53, "whip": 1.48, "k_rate": 0.18135593220338983, "bb9": 3.2666666666666666, "era_home": 3.35, "era_away": 6.16, "hand": 0, "rest": 4}