{"era": 1.75, "whip": 0.83, "k_rate": 0.2777777777777778, "bb9": 1.4914285714285713, "era_home": 1.64, "era_away": 1.86, "hand": 0, "rest": 4}