{"era": 4.99, "whip": 1.39, "k_rate": 0.20572916666666666, "bb9": 2.139622641509434, "era_home": 3.61, "era_away": 6.59, "hand": 0, "rest": 4}