{"era": 3.54, "whip": 1.18, "k_rate": 0.2174496644295302, "bb9": 2.2915129151291516, "era_home": 2.6, "era_away": 4.71, "hand": 0, "rest": 4}