{"era": 10.62, "whip": 1.92, "k_rate": 0.17482517482517482, "bb9": 4.550561797752809, "era_home": 9.82, "era_away": 11.09, "hand": 0, "rest": 4}