{"era": 1.17, "whip": 1.27, "k_rate": 0.171875, "bb9": 4.108695652173913, "era_home": 0.59, "era_away": 1.76, "hand": 0, "rest": 4}