{"era": 4.44, "whip": 1.56, "k_rate": 0.27927927927927926, "bb9": 5.861842105263158, "era_home": 2.22, "era_away": 6.49, "hand": 0, "rest": 4}