{"era": 6.4, "whip": 1.58, "k_rate": 0.1936056838365897, "bb9": 2.911051212938005, "era_home": 6.79, "era_away": 6.14, "hand": 0, "rest": 4}