{"era": 2.6, "whip": 1.27, "k_rate": 0.3287671232876712, "bb9": 2.5961538461538463, "era_home": 0.0, "era_away": 4.66, "hand": 0, "rest": 4}