{"era": 3.58, "whip": 1.07, "k_rate": 0.35126050420168065, "bb9": 2.0342465753424657, "era_home": 3.3, "era_away": 3.9, "hand": 0, "rest": 4}