{"era": 3.76, "whip": 1.31, "k_rate": 0.2534246575342466, "bb9": 2.5961538461538463, "era_home": 4.63, "era_away": 2.88, "hand": 0, "rest": 4}