{"era": 1.69, "whip": 1.13, "k_rate": 0.3181818181818182, "bb9": 0.84375, "era_home": 3.0, "era_away": 1.17, "hand": 0, "rest": 4}