{"era": 5.93, "whip": 1.42, "k_rate": 0.16181229773462782, "bb9": 1.6401869158878506, "era_home": 5.93, "era_away": 5.93, "hand": 0, "rest": 4}