{"era": 8.84, "whip": 2.02, "k_rate": 0.21875, "bb9": 9.327272727272728, "era_home": 5.11, "era_away": 16.5, "hand": 0, "rest": 4}