{"era": 4.12, "whip": 1.31, "k_rate": 0.21360544217687075, "bb9": 2.866795366795367, "era_home": 4.38, "era_away": 3.73, "hand": 0, "rest": 4}