{"era": 3.46, "whip": 1.16, "k_rate": 0.23015873015873015, "bb9": 2.4277929155313354, "era_home": 4.48, "era_away": 2.4, "hand": 0, "rest": 4}