{"era": 2.73, "whip": 1.35, "k_rate": 0.23273657289002558, "bb9": 3.021660649819495, "era_home": 3.4, "era_away": 1.93, "hand": 0, "rest": 4}