{"era": 2.63, "whip": 1.2, "k_rate": 0.15789473684210525, "bb9": 1.9384615384615385, "era_home": 3.44, "era_away": 1.59, "hand": 0, "rest": 4}