{"era": 9.58, "whip": 2.03, "k_rate": 0.15384615384615385, "bb9": 6.096774193548387, "era_home": 5.79, "era_away": 45.0, "hand": 0, "rest": 4}