{"era": 4.1, "whip": 1.29, "k_rate": 0.17304492512479203, "bb9": 3.0280373831775704, "era_home": 3.63, "era_away": 4.52, "hand": 0, "rest": 4}