{"era": 5.36, "whip": 1.41, "k_rate": 0.1729106628242075, "bb9": 2.2314049586776856, "era_home": 4.85, "era_away": 5.83, "hand": 0, "rest": 4}