{"era": 4.46, "whip": 1.15, "k_rate": 0.2547288776796974, "bb9": 2.091222030981067, "era_home": 3.29, "era_away": 5.43, "hand": 0, "rest": 4}