{"era": 6.7, "whip": 1.56, "k_rate": 0.27877237851662406, "bb9": 3.9160305343511452, "era_home": 6.57, "era_away": 6.87, "hand": 0, "rest": 4}