{"era": 3.39, "whip": 1.07, "k_rate": 0.25510204081632654, "bb9": 3.0671256454388987, "era_home": 4.28, "era_away": 2.77, "hand": 0, "rest": 4}