{"era": 2.14, "whip": 0.87, "k_rate": 0.2389558232931727, "bb9": 2.416879795396419, "era_home": 1.64, "era_away": 2.66, "hand": 0, "rest": 4}