{"era": 9.0, "whip": 2.23, "k_rate": 0.08333333333333333, "bb9": 4.153846153846154, "era_home": 12.54, "era_away": 7.02, "hand": 0, "rest": 4}