{"era": 0.0, "whip": 0.3, "k_rate": 0.09090909090909091, "bb9": 1.3499999999999999, "era_home": 0.0, "era_away": 0.0, "hand": 0, "rest": 4}