{"era": 3.32, "whip": 1.24, "k_rate": 0.20214395099540583, "bb9": 2.8601694915254234, "era_home": 3.82, "era_away": 2.91, "hand": 0, "rest": 4}