{"era": 4.45, "whip": 1.21, "k_rate": 0.1698389458272328, "bb9": 2.2816901408450705, "era_home": 4.63, "era_away": 4.29, "hand": 0, "rest": 4}