{"era": 2.96, "whip": 0.95, "k_rate": 0.2564102564102564, "bb9": 2.0696864111498257, "era_home": 2.77, "era_away": 3.11, "hand": 0, "rest": 4}