{"era": 6.41, "whip": 1.57, "k_rate": 0.15693430656934307, "bb9": 1.9392265193370164, "era_home": 5.34, "era_away": 7.39, "hand": 0, "rest": 4}