{"era": 3.61, "whip": 1.25, "k_rate": 0.18232044198895028, "bb9": 2.9763779527559056, "era_home": 2.19, "era_away": 5.6, "hand": 0, "rest": 4}