{"era": 4.84, "whip": 1.66, "k_rate": 0.2079207920792079, "bb9": 4.835820895522389, "era_home": 2.0, "era_away": 6.75, "hand": 0, "rest": 4}