{"era": 3.1, "whip": 0.95, "k_rate": 0.25551232166018156, "bb9": 1.7106164383561644, "era_home": 2.6, "era_away": 3.5, "hand": 0, "rest": 4}