{"era": 3.54, "whip": 1.01, "k_rate": 0.22727272727272727, "bb9": 1.532751091703057, "era_home": 2.25, "era_away": 7.08, "hand": 0, "rest": 4}