{"era": 3.15, "whip": 1.21, "k_rate": 0.22807017543859648, "bb9": 3.2766990291262132, "era_home": 3.27, "era_away": 3.03, "hand": 0, "rest": 4}