{"era": 4.26, "whip": 1.53, "k_rate": 0.21505376344086022, "bb9": 3.552631578947368, "era_home": 4.05, "era_away": 4.5, "hand": 0, "rest": 4}