{"era": 2.92, "whip": 1.08, "k_rate": 0.17579250720461095, "bb9": 1.4594594594594594, "era_home": 1.8, "era_away": 4.14, "hand": 0, "rest": 4}