{"era": 7.01, "whip": 1.68, "k_rate": 0.20833333333333334, "bb9": 4.207792207792208, "era_home": 6.08, "era_away": 8.03, "hand": 0, "rest": 4}