{"era": 4.12, "whip": 1.39, "k_rate": 0.1995841995841996, "bb9": 2.748502994011976, "era_home": 4.15, "era_away": 4.09, "hand": 0, "rest": 4}