{"era": 2.9, "whip": 1.29, "k_rate": 0.1980392156862745, "bb9": 3.4214876033057853, "era_home": 3.35, "era_away": 2.6, "hand": 0, "rest": 4}