{"era": 3.86, "whip": 1.42, "k_rate": 0.21875, "bb9": 4.263157894736842, "era_home": 1.45, "era_away": 5.61, "hand": 0, "rest": 4}