{"era": 3.23, "whip": 1.39, "k_rate": 0.2965779467680608, "bb9": 3.5217391304347823, "era_home": 2.5, "era_away": 4.26, "hand": 0, "rest": 4}