{"era": 4.66, "whip": 1.76, "k_rate": 0.1702127659574468, "bb9": 2.793103448275862, "era_home": 5.19, "era_away": 0.0, "hand": 0, "rest": 4}