{"era": 3.29, "whip": 1.19, "k_rate": 0.2590027700831025, "bb9": 3.4953095684803004, "era_home": 2.59, "era_away": 4.07, "hand": 0, "rest": 4}