{"era": 4.4, "whip": 1.13, "k_rate": 0.1736111111111111, "bb9": 1.6325581395348836, "era_home": 2.54, "era_away": 6.61, "hand": 0, "rest": 4}