{"era": 3.58, "whip": 1.37, "k_rate": 0.21658986175115208, "bb9": 4.6490066225165565, "era_home": 5.51, "era_away": 0.0, "hand": 0, "rest": 4}