{"era": 6.06, "whip": 1.63, "k_rate": 0.16703296703296702, "bb9": 3.673469387755102, "era_home": 6.22, "era_away": 5.89, "hand": 0, "rest": 4}