{"era": 5.72, "whip": 1.55, "k_rate": 0.17828200972447325, "bb9": 3.81021897810219, "era_home": 5.04, "era_away": 6.32, "hand": 0, "rest": 4}