{"era": 1.48, "whip": 1.11, "k_rate": 0.24489795918367346, "bb9": 2.589041095890411, "era_home": 0.0, "era_away": 3.0, "hand": 0, "rest": 4}