{"era": 4.53, "whip": 1.41, "k_rate": 0.27056962025316456, "bb9": 4.0344827586206895, "era_home": 4.06, "era_away": 4.95, "hand": 0, "rest": 4}