{"era": 3.83, "whip": 1.36, "k_rate": 0.1738382099827883, "bb9": 3.102689486552567, "era_home": 4.52, "era_away": 3.11, "hand": 0, "rest": 4}