{"era": 5.0, "whip": 1.43, "k_rate": 0.22523961661341854, "bb9": 3.540983606557377, "era_home": 5.6, "era_away": 4.52, "hand": 0, "rest": 4}