{"era": 4.03, "whip": 1.25, "k_rate": 0.20430107526881722, "bb9": 2.0149253731343286, "era_home": 5.0, "era_away": 3.38, "hand": 0, "rest": 4}