{"era": 5.52, "whip": 1.38, "k_rate": 0.16044776119402984, "bb9": 2.9427792915531334, "era_home": 3.15, "era_away": 7.8, "hand": 0, "rest": 4}