{"era": 6.06, "whip": 1.59, "k_rate": 0.25675675675675674, "bb9": 4.408163265306123, "era_home": 1.93, "era_away": 11.57, "hand": 0, "rest": 4}