{"era": 5.82, "whip": 1.68, "k_rate": 0.1890547263681592, "bb9": 5.815384615384615, "era_home": 8.4, "era_away": 4.45, "hand": 0, "rest": 4}