{"era": 3.8, "whip": 1.23, "k_rate": 0.20075046904315197, "bb9": 2.390625, "era_home": 3.46, "era_away": 4.14, "hand": 0, "rest": 4}