{"era": 3.7, "whip": 1.26, "k_rate": 0.19390581717451524, "bb9": 2.866795366795367, "era_home": 4.44, "era_away": 3.1, "hand": 0, "rest": 4}