{"era": 4.33, "whip": 1.2, "k_rate": 0.18762886597938144, "bb9": 2.7551020408163267, "era_home": 2.88, "era_away": 5.46, "hand": 0, "rest": 4}