{"era": 6.56, "whip": 1.67, "k_rate": 0.2037914691943128, "bb9": 4.628571428571429, "era_home": 10.35, "era_away": 3.71, "hand": 0, "rest": 4}