{"era": 3.22, "whip": 1.13, "k_rate": 0.21524663677130046, "bb9": 2.4948665297741273, "era_home": 3.23, "era_away": 3.2, "hand": 0, "rest": 4}