{"era": 2.82, "whip": 1.16, "k_rate": 0.23458282950423218, "bb9": 2.995033112582781, "era_home": 3.54, "era_away": 2.27, "hand": 0, "rest": 4}