{"era": 3.83, "whip": 1.33, "k_rate": 0.2775330396475771, "bb9": 4.088328075709779, "era_home": 4.42, "era_away": 3.25, "hand": 0, "rest": 4}