{"era": 3.44, "whip": 1.2, "k_rate": 0.24675324675324675, "bb9": 3.190909090909091, "era_home": 2.44, "era_away": 5.33, "hand": 0, "rest": 4}