{"era": 2.76, "whip": 0.94, "k_rate": 0.3142857142857143, "bb9": 2.1733746130030958, "era_home": 1.58, "era_away": 4.81, "hand": 0, "rest": 4}