{"era": 4.04, "whip": 1.11, "k_rate": 0.25616698292220114, "bb9": 2.5051546391752577, "era_home": 6.0, "era_away": 2.49, "hand": 0, "rest": 4}