{"era": 4.79, "whip": 1.21, "k_rate": 0.20238095238095238, "bb9": 3.0483870967741935, "era_home": 3.6, "era_away": 5.91, "hand": 0, "rest": 4}