{"era": 5.62, "whip": 1.45, "k_rate": 0.2511415525114155, "bb9": 4.530201342281879, "era_home": 5.57, "era_away": 5.65, "hand": 0, "rest": 4}