{"era": 2.89, "whip": 1.26, "k_rate": 0.20584652862362973, "bb9": 3.162988115449915, "era_home": 2.92, "era_away": 2.86, "hand": 0, "rest": 4}