{"era": 4.44, "whip": 1.43, "k_rate": 0.26526315789473687, "bb9": 3.940993788819876, "era_home": 3.43, "era_away": 5.03, "hand": 0, "rest": 4}