{"era": 4.58, "whip": 1.42, "k_rate": 0.2729591836734694, "bb9": 4.016949152542373, "era_home": 4.2, "era_away": 5.01, "hand": 0, "rest": 4}