{"era": 3.57, "whip": 1.21, "k_rate": 0.24705882352941178, "bb9": 5.132231404958677, "era_home": 3.94, "era_away": 3.33, "hand": 0, "rest": 4}