{"era": 2.43, "whip": 1.33, "k_rate": 0.24548736462093862, "bb9": 3.857142857142857, "era_home": 3.08, "era_away": 1.96, "hand": 0, "rest": 4}