{"era": 4.45, "whip": 1.28, "k_rate": 0.15637065637065636, "bb9": 3.3031914893617023, "era_home": 3.62, "era_away": 5.5, "hand": 0, "rest": 4}