{"era": 4.92, "whip": 1.19, "k_rate": 0.25806451612903225, "bb9": 3.878453038674033, "era_home": 2.97, "era_away": 7.33, "hand": 0, "rest": 4}