{"era": 2.17, "whip": 1.07, "k_rate": 0.28078817733990147, "bb9": 2.7181208053691277, "era_home": 2.93, "era_away": 1.23, "hand": 0, "rest": 4}