{"era": 3.19, "whip": 1.16, "k_rate": 0.23577235772357724, "bb9": 2.645101663585952, "era_home": 2.86, "era_away": 3.64, "hand": 0, "rest": 4}