{"era": 5.87, "whip": 1.37, "k_rate": 0.19402985074626866, "bb9": 1.7608695652173911, "era_home": 6.3, "era_away": 5.06, "hand": 0, "rest": 4}