{"era": 4.1, "whip": 1.24, "k_rate": 0.2224231464737794, "bb9": 3.539845758354756, "era_home": 4.45, "era_away": 3.78, "hand": 0, "rest": 4}