{"era": 3.41, "whip": 1.09, "k_rate": 0.24324324324324326, "bb9": 3.694736842105263, "era_home": 3.38, "era_away": 3.47, "hand": 0, "rest": 4}