{"era": 1.42, "whip": 1.0, "k_rate": 0.2894736842105263, "bb9": 3.3157894736842106, "era_home": 2.25, "era_away": 0.82, "hand": 0, "rest": 4}