{"era": 5.4, "whip": 1.86, "k_rate": 0.13924050632911392, "bb9": 4.319999999999999, "era_home": 10.29, "era_away": 1.86, "hand": 0, "rest": 4}