{"era": 4.93, "whip": 1.21, "k_rate": 0.22602739726027396, "bb9": 2.5961538461538463, "era_home": 3.63, "era_away": 6.23, "hand": 0, "rest": 4}