{"era": 7.36, "whip": 1.85, "k_rate": 0.18681318681318682, "bb9": 5.8909090909090915, "era_home": 7.5, "era_away": 7.11, "hand": 0, "rest": 4}