{"era": 5.09, "whip": 1.5, "k_rate": 0.20625, "bb9": 4.0754716981132075, "era_home": 5.74, "era_away": 4.58, "hand": 0, "rest": 4}