{"era": 5.17, "whip": 1.39, "k_rate": 0.20938628158844766, "bb9": 3.877659574468085, "era_home": 4.46, "era_away": 6.04, "hand": 0, "rest": 4}