{"era": 5.01, "whip": 1.46, "k_rate": 0.1568627450980392, "bb9": 4.628571428571429, "era_home": 6.43, "era_away": 2.89, "hand": 0, "rest": 4}