{"era": 4.02, "whip": 1.53, "k_rate": 0.12318840579710146, "bb9": 4.021276595744681, "era_home": 2.77, "era_away": 4.91, "hand": 0, "rest": 4}