{"era": 5.4, "whip": 1.28, "k_rate": 0.2314410480349345, "bb9": 3.20625, "era_home": 4.34, "era_away": 6.66, "hand": 0, "rest": 4}