{"era": 2.33, "whip": 1.09, "k_rate": 0.18181818181818182, "bb9": 2.327586206896552, "era_home": 2.45, "era_away": 2.25, "hand": 0, "rest": 4}