{"era": 8.88, "whip": 1.93, "k_rate": 0.13445378151260504, "bb9": 5.917808219178083, "era_home": 3.72, "era_away": 12.27, "hand": 0, "rest": 4}