{"era": 3.97, "whip": 1.25, "k_rate": 0.25311203319502074, "bb9": 4.288235294117647, "era_home": 4.22, "era_away": 3.65, "hand": 0, "rest": 4}