{"era": 4.32, "whip": 1.14, "k_rate": 0.22160148975791433, "bb9": 1.781725888324873, "era_home": 3.65, "era_away": 5.18, "hand": 0, "rest": 4}