{"era": 3.14, "whip": 1.14, "k_rate": 0.2926509186351706, "bb9": 3.2361359570661894, "era_home": 3.4, "era_away": 2.87, "hand": 0, "rest": 4}