{"era": 3.43, "whip": 1.26, "k_rate": 0.2299349240780911, "bb9": 3.2628398791540785, "era_home": 2.6, "era_away": 4.5, "hand": 0, "rest": 4}