{"era": 2.54, "whip": 0.93, "k_rate": 0.30265210608424337, "bb9": 2.056112224448898, "era_home": 2.81, "era_away": 2.08, "hand": 0, "rest": 4}