{"era": 4.54, "whip": 1.6, "k_rate": 0.152317880794702, "bb9": 2.940594059405941, "era_home": 5.28, "era_away": 3.93, "hand": 0, "rest": 4}