{"era": 3.59, "whip": 1.06, "k_rate": 0.24387096774193548, "bb9": 2.33160621761658, "era_home": 3.86, "era_away": 3.33, "hand": 0, "rest": 4}