{"era": 3.18, "whip": 1.22, "k_rate": 0.22761194029850745, "bb9": 4.707692307692308, "era_home": 3.09, "era_away": 3.3, "hand": 0, "rest": 4}