{"era": 5.7, "whip": 1.38, "k_rate": 0.16883116883116883, "bb9": 3.9633027522935778, "era_home": 3.18, "era_away": 6.84, "hand": 0, "rest": 4}