{"era": 5.48, "whip": 1.26, "k_rate": 0.13157894736842105, "bb9": 4.263157894736842, "era_home": 9.17, "era_away": 3.04, "hand": 0, "rest": 4}