{"era": 2.92, "whip": 1.1, "k_rate": 0.2308673469387755, "bb9": 2.2229845626072042, "era_home": 2.94, "era_away": 2.89, "hand": 0, "rest": 4}