{"era": 3.68, "whip": 1.06, "k_rate": 0.18882466281310212, "bb9": 1.8740359897172238, "era_home": 3.05, "era_away": 4.2, "hand": 0, "rest": 4}