{"era": 4.74, "whip": 1.38, "k_rate": 0.2420749279538905, "bb9": 4.970711297071129, "era_home": 4.37, "era_away": 5.04, "hand": 0, "rest": 4}