{"era": 4.95, "whip": 1.52, "k_rate": 0.173974540311174, "bb9": 3.54375, "era_home": 3.75, "era_away": 6.65, "hand": 0, "rest": 4}