{"era": 3.94, "whip": 1.17, "k_rate": 0.19676945668135096, "bb9": 2.0811359026369165, "era_home": 4.17, "era_away": 3.74, "hand": 0, "rest": 4}