{"era": 3.96, "whip": 1.13, "k_rate": 0.2571976967370441, "bb9": 2.756544502617801, "era_home": 3.35, "era_away": 4.27, "hand": 0, "rest": 4}