{"era": 3.21, "whip": 1.05, "k_rate": 0.22466960352422907, "bb9": 1.7678571428571428, "era_home": 3.38, "era_away": 3.09, "hand": 0, "rest": 4}