{"era": 3.77, "whip": 1.21, "k_rate": 0.22634508348794063, "bb9": 3.2093023255813953, "era_home": 3.22, "era_away": 4.47, "hand": 0, "rest": 4}