{"era": 4.14, "whip": 1.41, "k_rate": 0.17857142857142858, "bb9": 3.0789473684210527, "era_home": 4.34, "era_away": 3.86, "hand": 0, "rest": 4}