{"era": 6.09, "whip": 1.38, "k_rate": 0.1979381443298969, "bb9": 2.483679525222552, "era_home": 4.39, "era_away": 8.49, "hand": 0, "rest": 4}