{"era": 3.81, "whip": 1.25, "k_rate": 0.18670886075949367, "bb9": 2.9205298013245033, "era_home": 3.7, "era_away": 3.93, "hand": 0, "rest": 4}