{"era": 2.99, "whip": 1.1, "k_rate": 0.20503597122302158, "bb9": 2.797590361445783, "era_home": 2.93, "era_away": 3.06, "hand": 0, "rest": 4}