{"era": 4.76, "whip": 1.2, "k_rate": 0.24746450304259635, "bb9": 2.88728323699422, "era_home": 6.09, "era_away": 3.56, "hand": 0, "rest": 4}