{"era": 4.67, "whip": 1.21, "k_rate": 0.24285714285714285, "bb9": 2.5961538461538463, "era_home": 4.66, "era_away": 4.7, "hand": 0, "rest": 4}