{"era": 2.03, "whip": 1.04, "k_rate": 0.22692307692307692, "bb9": 2.4299999999999997, "era_home": 1.37, "era_away": 2.45, "hand": 0, "rest": 4}