{"era": 4.86, "whip": 1.53, "k_rate": 0.22372881355932203, "bb9": 3.3749999999999996, "era_home": 5.5, "era_away": 4.03, "hand": 0, "rest": 4}