{"era": 6.4, "whip": 1.48, "k_rate": 0.23404255319148937, "bb9": 5.010309278350515, "era_home": 7.64, "era_away": 4.91, "hand": 0, "rest": 4}