{"era": 3.92, "whip": 1.23, "k_rate": 0.30111524163568776, "bb9": 4.196891191709845, "era_home": 5.06, "era_away": 2.33, "hand": 0, "rest": 4}