{"era": 3.94, "whip": 1.24, "k_rate": 0.24129353233830847, "bb9": 2.90625, "era_home": 3.74, "era_away": 4.2, "hand": 0, "rest": 4}