{"era": 2.88, "whip": 1.42, "k_rate": 0.22343324250681199, "bb9": 3.308300395256917, "era_home": 3.22, "era_away": 2.5, "hand": 0, "rest": 4}