{"era": 4.3, "whip": 1.24, "k_rate": 0.2398190045248869, "bb9": 3.095541401273885, "era_home": 3.95, "era_away": 4.68, "hand": 0, "rest": 4}