{"era": 3.15, "whip": 1.14, "k_rate": 0.18518518518518517, "bb9": 1.6446700507614211, "era_home": 2.72, "era_away": 3.81, "hand": 0, "rest": 4}