{"era": 6.21, "whip": 1.62, "k_rate": 0.14358974358974358, "bb9": 3.2142857142857144, "era_home": 5.12, "era_away": 7.15, "hand": 0, "rest": 4}