{"era": 3.38, "whip": 1.21, "k_rate": 0.16623376623376623, "bb9": 2.270125223613596, "era_home": 3.28, "era_away": 3.53, "hand": 0, "rest": 4}