{"era": 4.5, "whip": 1.34, "k_rate": 0.27848101265822783, "bb9": 2.6052631578947367, "era_home": 5.85, "era_away": 3.0, "hand": 0, "rest": 4}