{"era": 7.6, "whip": 1.96, "k_rate": 0.15053763440860216, "bb9": 4.558441558441558, "era_home": 5.08, "era_away": 11.02, "hand": 0, "rest": 4}