{"era": 3.57, "whip": 1.24, "k_rate": 0.21755725190839695, "bb9": 3.857142857142857, "era_home": 3.34, "era_away": 3.78, "hand": 0, "rest": 4}