{"era": 2.63, "whip": 1.14, "k_rate": 0.12080536912751678, "bb9": 2.6283185840707968, "era_home": 1.72, "era_away": 3.27, "hand": 0, "rest": 4}