{"era": 2.31, "whip": 0.94, "k_rate": 0.22727272727272727, "bb9": 1.542857142857143, "era_home": 2.25, "era_away": 2.35, "hand": 0, "rest": 4}