{"era": 3.76, "whip": 1.1, "k_rate": 0.23564356435643563, "bb9": 2.316353887399464, "era_home": 4.55, "era_away": 3.09, "hand": 0, "rest": 4}