{"era": 5.01, "whip": 1.57, "k_rate": 0.14583333333333334, "bb9": 3.9896907216494846, "era_home": 6.14, "era_away": 4.08, "hand": 0, "rest": 4}