{"era": 2.66, "whip": 1.23, "k_rate": 0.25906735751295334, "bb9": 4.373239436619718, "era_home": 1.61, "era_away": 3.6, "hand": 0, "rest": 4}