{"era": 2.69, "whip": 0.85, "k_rate": 0.2015810276679842, "bb9": 1.0746268656716418, "era_home": 1.99, "era_away": 3.31, "hand": 0, "rest": 4}