{"era": 4.64, "whip": 1.33, "k_rate": 0.15703703703703703, "bb9": 2.0636942675159236, "era_home": 4.59, "era_away": 4.7, "hand": 0, "rest": 4}