{"era": 3.91, "whip": 1.4, "k_rate": 0.20087336244541484, "bb9": 3.3962264150943398, "era_home": 3.72, "era_away": 4.13, "hand": 0, "rest": 4}