{"era": 4.98, "whip": 1.22, "k_rate": 0.18850574712643678, "bb9": 3.495145631067961, "era_home": 5.55, "era_away": 4.23, "hand": 0, "rest": 4}