{"era": 4.41, "whip": 1.2, "k_rate": 0.20286085825747724, "bb9": 2.493783303730018, "era_home": 5.01, "era_away": 4.03, "hand": 0, "rest": 4}