{"era": 3.87, "whip": 1.23, "k_rate": 0.22391304347826088, "bb9": 1.6463414634146343, "era_home": 5.26, "era_away": 2.64, "hand": 0, "rest": 4}