{"era": 4.57, "whip": 1.62, "k_rate": 0.18181818181818182, "bb9": 5.815384615384615, "era_home": 4.82, "era_away": 3.0, "hand": 0, "rest": 4}