{"era": 2.86, "whip": 1.1, "k_rate": 0.23595505617977527, "bb9": 2.349829351535836, "era_home": 2.37, "era_away": 3.28, "hand": 0, "rest": 4}