{"era": 4.32, "whip": 1.24, "k_rate": 0.2593283582089552, "bb9": 2.5511811023622046, "era_home": 4.66, "era_away": 4.04, "hand": 0, "rest": 4}