{"era": 2.99, "whip": 0.95, "k_rate": 0.23809523809523808, "bb9": 2.7259615384615388, "era_home": 1.27, "era_away": 4.76, "hand": 0, "rest": 4}