{"p_642547_2026": {"home_era": 3.76, "away_era": 2.25, "bb_per_9": 4.14, "last3_era": 2.8125, "last3_era_change": -0.48018292682926855}, "p_695684_2026": {"home_era": 5.79, "away_era": 3.24, "bb_per_9": 6.23, "last3_era": 4.390243902439024, "last3_era_change": 0.0}, "_ts": 1779052701.010547, "p_607200_2026": {"home_era": 2.66, "away_era": 5.12, "bb_per_9": 3.52, "last3_era": 7.3770491803278695, "last3_era_change": 4.043715846994536}, "p_607067_2026": {"home_era": 2.66, "away_era": 6.55, "bb_per_9": 2.68, "last3_era": 6.7164179104477615, "last3_era_change": 1.0914179104477615}}