{"p_642547_2026": {"home_era": 3.76, "away_era": 2.25, "bb_per_9": 4.14, "last3_era": 2.8125, "last3_era_change": -0.48018292682926855}, "p_695684_2026": {"home_era": 5.79, "away_era": 3.24, "bb_per_9": 6.23, "last3_era": 4.390243902439024, "last3_era_change": 0.0}, "_ts": 1779075375.699759, "p_607200_2026": {"home_era": 2.66, "away_era": 5.12, "bb_per_9": 3.52, "last3_era": 7.3770491803278695, "last3_era_change": 4.043715846994536}, "p_607067_2026": {"home_era": 2.66, "away_era": 6.55, "bb_per_9": 2.68, "last3_era": 6.7164179104477615, "last3_era_change": 1.0914179104477615}, "p_641927_2026": {"home_era": 2.79, "away_era": 6.0, "bb_per_9": 2.68, "last3_era": 3.789473684210526, "last3_era_change": 2.2977609770282057}, "p_688107_2026": {"home_era": 4.5, "away_era": 4.5, "bb_per_9": 4.5, "last3_era": 4.5, "last3_era_change": 0.0}, "p_605488_2026": {"home_era": 4.6, "away_era": 3.04, "bb_per_9": 2.62, "last3_era": 3.913043478260869, "last3_era_change": -4.4440993788819885}, "p_605288_2026": {"home_era": 7.31, "away_era": 4.22, "bb_per_9": 3.56, "last3_era": 2.0930232558139537, "last3_era_change": -7.981603609857688}, "p_680570_2026": {"home_era": 17.18, "away_era": 4.5, "bb_per_9": 9.82, "last3_era": 4.5, "last3_era_change": 0.0}, "p_808963_2026": {"home_era": 5.0, "away_era": 5.16, "bb_per_9": 3.54, "last3_era": 3.5, "last3_era_change": -2.6363636363636367}, "p_547179_2026": {"home_era": 10.03, "away_era": 4.26, "bb_per_9": 3.14, "last3_era": 9.507042253521128, "last3_era_change": 5.296515937731654}, "p_647336_2026": {"home_era": 1.59, "away_era": 6.1, "bb_per_9": 2.57, "last3_era": 1.5517241379310347, "last3_era_change": -5.048275862068965}, "p_669923_2026": {"home_era": 3.79, "away_era": 2.92, "bb_per_9": 2.3, "last3_era": 4.709302325581396, "last3_era_change": 1.9653998865570053}, "p_608337_2026": {"home_era": 4.5, "away_era": 5.4, "bb_per_9": 5.4, "last3_era": 4.5, "last3_era_change": 0.0}, "p_676974_2026": {"home_era": 2.63, "away_era": 3.98, "bb_per_9": 3.21, "last3_era": 3.1395348837209305, "last3_era_change": 0.15940243338980453}, "p_702275_2026": {"home_era": 2.79, "away_era": 3.75, "bb_per_9": 6.23, "last3_era": 3.802816901408451, "last3_era_change": 0.0}, "p_663556_2026": {"home_era": 0.87, "away_era": 3.79, "bb_per_9": 3.4, "last3_era": 0.0, "last3_era_change": -3.8297872340425534}, "p_669432_2026": {"home_era": 5.79, "away_era": 5.73, "bb_per_9": 3.41, "last3_era": 12.352941176470589, "last3_era_change": 7.908496732026144}, "p_691725_2026": {"home_era": 6.5, "away_era": 5.95, "bb_per_9": 2.87, "last3_era": 8.181818181818182, "last3_era_change": 0.0}, "p_666157_2026": {"home_era": 8.68, "away_era": 4.5, "bb_per_9": 3.86, "last3_era": 4.5, "last3_era_change": 0.0}, "p_664285_2026": {"home_era": 4.5, "away_era": 4.24, "bb_per_9": 3.06, "last3_era": 6.5131578947368425, "last3_era_change": 4.407894736842106}, "p_677944_2026": {"home_era": 3.6, "away_era": 6.6, "bb_per_9": 3.4, "last3_era": 4.436619718309859, "last3_era_change": -2.535211267605634}, "p_663623_2026": {"home_era": 7.58, "away_era": 4.56, "bb_per_9": 4.22, "last3_era": 8.307692307692308, "last3_era_change": 5.347165991902834}, "p_681035_2026": {"home_era": 4.5, "away_era": 2.79, "bb_per_9": 5.17, "last3_era": 3.3582089552238803, "last3_era_change": 0.0}, "p_677960_2026": {"home_era": 3.1, "away_era": 2.81, "bb_per_9": 2.6, "last3_era": 2.7777777777777777, "last3_era_change": 0.09121061359867344}, "p_571578_2026": {"home_era": 6.23, "away_era": 2.53, "bb_per_9": 2.62, "last3_era": 4.405594405594406, "last3_era_change": 1.9055944055944058}, "p_607625_2026": {"home_era": 4.4, "away_era": 3.0, "bb_per_9": 3.25, "last3_era": 6.6, "last3_era_change": 2.869430051813471}, "p_543243_2026": {"home_era": 1.71, "away_era": 5.54, "bb_per_9": 2.12, "last3_era": 1.3636363636363638, "last3_era_change": -2.5494071146245054}, "p_684007_2026": {"home_era": 1.74, "away_era": 3.09, "bb_per_9": 2.15, "last3_era": 1.35, "last3_era_change": -1.6334254143646407}, "p_687075_2026": {"home_era": 6.26, "away_era": 4.85, "bb_per_9": 5.0, "last3_era": 4.772727272727273, "last3_era_change": -2.150349650349649}, "p_696070_2026": {"home_era": 4.5, "away_era": 1.69, "bb_per_9": 9.82, "last3_era": 4.5, "last3_era_change": 0.0}, "p_837227_2026": {"home_era": 13.5, "away_era": 4.5, "bb_per_9": 9.95, "last3_era": 8.709677419354838, "last3_era_change": 0.0}, "p_677958_2026": {"home_era": 2.81, "away_era": 7.71, "bb_per_9": 4.1, "last3_era": 7.058823529411765, "last3_era_change": 4.281045751633988}, "p_672282_2026": {"home_era": 4.63, "away_era": 4.15, "bb_per_9": 3.1, "last3_era": 4.9655172413793105, "last3_era_change": 0.9655172413793105}, "p_682052_2026": {"home_era": 5.95, "away_era": 5.66, "bb_per_9": 6.02, "last3_era": 5.921052631578948, "last3_era_change": 0.556814220982921}, "p_669194_2026": {"home_era": 9.18, "away_era": 3.18, "bb_per_9": 2.8, "last3_era": 2.4456521739130435, "last3_era_change": -10.789641943734017}, "p_694738_2026": {"home_era": 4.22, "away_era": 2.93, "bb_per_9": 3.86, "last3_era": 6.136363636363637, "last3_era_change": 4.158341658341659}, "p_641743_2026": {"home_era": 3.68, "away_era": 5.68, "bb_per_9": 4.17, "last3_era": 2.25, "last3_era_change": -6.459677419354838}, "p_656288_2026": {"home_era": 6.75, "away_era": 32.4, "bb_per_9": 7.36, "last3_era": 11.359223300970875, "last3_era_change": 0.0}, "p_686218_2026": {"home_era": 3.76, "away_era": 5.87, "bb_per_9": 2.59, "last3_era": 4.375, "last3_era_change": 1.2171052631578951}}